0 verbose cli /usr/bin/node /usr/bin/npm
1 info using npm@11.11.0
2 info using node@v22.22.1
3 silly config load:file:/usr/lib/node_modules/npm/npmrc
4 silly config load:file:/expo-project/.npmrc
5 silly config load:file:/usr/etc/npmrc
6 verbose title npm uninstall react-native-reanimated patch-package
7 verbose argv "uninstall" "react-native-reanimated" "patch-package" "--legacy-peer-deps"
8 verbose logfile logs-max:10 dir:/expo-project/.npm/_logs/2026-04-28T08_33_06_352Z-
9 verbose logfile /expo-project/.npm/_logs/2026-04-28T08_33_06_352Z-debug-0.log
10 warn Unknown user config "node-linker". This will stop working in the next major version of npm. See `npm help npmrc` for supported config options.
11 silly logfile done cleaning log files
12 silly packumentCache heap:4345298944 maxSize:1086324736 maxEntrySize:543162368
13 silly idealTree buildDeps
14 silly fetch manifest @expo/prebuild-config@^54.0.8
15 silly packumentCache full:https://registry.npmjs.org/@expo%2fprebuild-config cache-miss
16 http cache https://registry.npmjs.org/@expo%2fprebuild-config 15ms (cache hit)
17 silly packumentCache full:https://registry.npmjs.org/@expo%2fprebuild-config set size:1076991 disposed:false
18 silly placeDep node_modules/@expo/cli @expo/prebuild-config@54.0.8 OK for: @expo/cli@54.0.23 want: ^54.0.8
19 silly fetch manifest @expo/config-types@^54.0.10
20 silly packumentCache full:https://registry.npmjs.org/@expo%2fconfig-types cache-miss
21 silly fetch manifest @react-native/normalize-colors@0.81.5
22 silly packumentCache full:https://registry.npmjs.org/@react-native%2fnormalize-colors cache-miss
23 http cache https://registry.npmjs.org/@expo%2fconfig-types 7ms (cache hit)
24 silly packumentCache full:https://registry.npmjs.org/@expo%2fconfig-types set size:731318 disposed:false
25 http cache https://registry.npmjs.org/@react-native%2fnormalize-colors 16ms (cache hit)
26 silly packumentCache full:https://registry.npmjs.org/@react-native%2fnormalize-colors set size:1841323 disposed:false
27 silly fetch manifest @expo/ngrok-bin-darwin-arm64@2.3.41
28 silly packumentCache full:https://registry.npmjs.org/@expo%2fngrok-bin-darwin-arm64 cache-miss
29 http cache https://registry.npmjs.org/@expo%2fngrok-bin-darwin-arm64 3ms (cache hit)
30 silly packumentCache full:https://registry.npmjs.org/@expo%2fngrok-bin-darwin-arm64 set size:10512 disposed:false
31 silly fetch manifest @expo/ngrok-bin-darwin-x64@2.3.41
32 silly packumentCache full:https://registry.npmjs.org/@expo%2fngrok-bin-darwin-x64 cache-miss
33 http cache https://registry.npmjs.org/@expo%2fngrok-bin-darwin-x64 3ms (cache hit)
34 silly packumentCache full:https://registry.npmjs.org/@expo%2fngrok-bin-darwin-x64 set size:14082 disposed:false
35 silly fetch manifest @expo/ngrok-bin-freebsd-ia32@2.3.41
36 silly packumentCache full:https://registry.npmjs.org/@expo%2fngrok-bin-freebsd-ia32 cache-miss
37 http cache https://registry.npmjs.org/@expo%2fngrok-bin-freebsd-ia32 2ms (cache hit)
38 silly packumentCache full:https://registry.npmjs.org/@expo%2fngrok-bin-freebsd-ia32 set size:14167 disposed:false
39 silly fetch manifest @expo/ngrok-bin-freebsd-x64@2.3.41
40 silly packumentCache full:https://registry.npmjs.org/@expo%2fngrok-bin-freebsd-x64 cache-miss
41 http cache https://registry.npmjs.org/@expo%2fngrok-bin-freebsd-x64 3ms (cache hit)
42 silly packumentCache full:https://registry.npmjs.org/@expo%2fngrok-bin-freebsd-x64 set size:14124 disposed:false
43 silly fetch manifest @expo/ngrok-bin-linux-arm@2.3.41
44 silly packumentCache full:https://registry.npmjs.org/@expo%2fngrok-bin-linux-arm cache-miss
45 http cache https://registry.npmjs.org/@expo%2fngrok-bin-linux-arm 3ms (cache hit)
46 silly packumentCache full:https://registry.npmjs.org/@expo%2fngrok-bin-linux-arm set size:14039 disposed:false
47 silly fetch manifest @expo/ngrok-bin-linux-arm64@2.3.41
48 silly packumentCache full:https://registry.npmjs.org/@expo%2fngrok-bin-linux-arm64 cache-miss
49 http cache https://registry.npmjs.org/@expo%2fngrok-bin-linux-arm64 3ms (cache hit)
50 silly packumentCache full:https://registry.npmjs.org/@expo%2fngrok-bin-linux-arm64 set size:14125 disposed:false
51 silly fetch manifest @expo/ngrok-bin-linux-ia32@2.3.41
52 silly packumentCache full:https://registry.npmjs.org/@expo%2fngrok-bin-linux-ia32 cache-miss
53 http cache https://registry.npmjs.org/@expo%2fngrok-bin-linux-ia32 3ms (cache hit)
54 silly packumentCache full:https://registry.npmjs.org/@expo%2fngrok-bin-linux-ia32 set size:14084 disposed:false
55 silly fetch manifest @expo/ngrok-bin-sunos-x64@2.3.41
56 silly packumentCache full:https://registry.npmjs.org/@expo%2fngrok-bin-sunos-x64 cache-miss
57 http cache https://registry.npmjs.org/@expo%2fngrok-bin-sunos-x64 3ms (cache hit)
58 silly packumentCache full:https://registry.npmjs.org/@expo%2fngrok-bin-sunos-x64 set size:14039 disposed:false
59 silly fetch manifest @expo/ngrok-bin-win32-ia32@2.3.41
60 silly packumentCache full:https://registry.npmjs.org/@expo%2fngrok-bin-win32-ia32 cache-miss
61 http cache https://registry.npmjs.org/@expo%2fngrok-bin-win32-ia32 1ms (cache hit)
62 silly packumentCache full:https://registry.npmjs.org/@expo%2fngrok-bin-win32-ia32 set size:15898 disposed:false
63 silly fetch manifest @expo/ngrok-bin-win32-x64@2.3.41
64 silly packumentCache full:https://registry.npmjs.org/@expo%2fngrok-bin-win32-x64 cache-miss
65 http cache https://registry.npmjs.org/@expo%2fngrok-bin-win32-x64 2ms (cache hit)
66 silly packumentCache full:https://registry.npmjs.org/@expo%2fngrok-bin-win32-x64 set size:15850 disposed:false
67 silly placeDep ROOT @expo/ngrok-bin-darwin-arm64@2.3.41 OK for: @expo/ngrok-bin@2.3.42 want: 2.3.41
68 silly placeDep ROOT @expo/ngrok-bin-darwin-x64@2.3.41 OK for: @expo/ngrok-bin@2.3.42 want: 2.3.41
69 silly placeDep ROOT @expo/ngrok-bin-freebsd-ia32@2.3.41 OK for: @expo/ngrok-bin@2.3.42 want: 2.3.41
70 silly placeDep ROOT @expo/ngrok-bin-freebsd-x64@2.3.41 OK for: @expo/ngrok-bin@2.3.42 want: 2.3.41
71 silly placeDep ROOT @expo/ngrok-bin-linux-arm@2.3.41 OK for: @expo/ngrok-bin@2.3.42 want: 2.3.41
72 silly placeDep ROOT @expo/ngrok-bin-linux-arm64@2.3.41 OK for: @expo/ngrok-bin@2.3.42 want: 2.3.41
73 silly placeDep ROOT @expo/ngrok-bin-linux-ia32@2.3.41 OK for: @expo/ngrok-bin@2.3.42 want: 2.3.41
74 silly placeDep ROOT @expo/ngrok-bin-sunos-x64@2.3.41 OK for: @expo/ngrok-bin@2.3.42 want: 2.3.41
75 silly placeDep ROOT @expo/ngrok-bin-win32-ia32@2.3.41 OK for: @expo/ngrok-bin@2.3.42 want: 2.3.41
76 silly placeDep ROOT @expo/ngrok-bin-win32-x64@2.3.41 OK for: @expo/ngrok-bin@2.3.42 want: 2.3.41
77 silly fetch manifest fsevents@~2.3.2
78 silly packumentCache full:https://registry.npmjs.org/fsevents cache-miss
79 http cache https://registry.npmjs.org/fsevents 5ms (cache hit)
80 silly packumentCache full:https://registry.npmjs.org/fsevents set size:182472 disposed:false
81 silly placeDep ROOT fsevents@2.3.3 OK for: chokidar@3.6.0 want: ~2.3.2
82 silly fetch manifest eslint@^9.24.0
83 silly packumentCache full:https://registry.npmjs.org/eslint cache-miss
84 http cache https://registry.npmjs.org/eslint 7ms (cache hit)
85 silly packumentCache full:https://registry.npmjs.org/eslint set size:1983515 disposed:false
86 silly placeDep node_modules/eslint-plugin-expo eslint@9.39.4 OK for: eslint-plugin-expo@1.0.0 want: ^9.24.0
87 silly fetch manifest ajv@^6.14.0
88 silly packumentCache full:https://registry.npmjs.org/ajv cache-miss
89 silly fetch manifest espree@^10.4.0
90 silly packumentCache full:https://registry.npmjs.org/espree cache-miss
91 silly fetch manifest find-up@^5.0.0
92 silly packumentCache full:https://registry.npmjs.org/find-up cache-miss
93 silly fetch manifest @eslint/core@^0.17.0
94 silly packumentCache full:https://registry.npmjs.org/@eslint%2fcore cache-miss
95 silly fetch manifest eslint-scope@^8.4.0
96 silly packumentCache full:https://registry.npmjs.org/eslint-scope cache-miss
97 silly fetch manifest @humanfs/node@^0.16.6
98 silly packumentCache full:https://registry.npmjs.org/@humanfs%2fnode cache-miss
99 silly fetch manifest @eslint/eslintrc@^3.3.5
100 silly packumentCache full:https://registry.npmjs.org/@eslint%2feslintrc cache-miss
101 silly fetch manifest file-entry-cache@^8.0.0
102 silly packumentCache full:https://registry.npmjs.org/file-entry-cache cache-miss
103 silly fetch manifest @eslint/plugin-kit@^0.4.1
104 silly packumentCache full:https://registry.npmjs.org/@eslint%2fplugin-kit cache-miss
105 silly fetch manifest eslint-visitor-keys@^4.2.1
106 silly packumentCache full:https://registry.npmjs.org/eslint-visitor-keys cache-miss
107 silly fetch manifest @eslint/config-array@^0.21.2
108 silly packumentCache full:https://registry.npmjs.org/@eslint%2fconfig-array cache-miss
109 silly fetch manifest @humanwhocodes/retry@^0.4.2
110 silly packumentCache full:https://registry.npmjs.org/@humanwhocodes%2fretry cache-miss
111 silly fetch manifest @eslint/config-helpers@^0.4.2
112 silly packumentCache full:https://registry.npmjs.org/@eslint%2fconfig-helpers cache-miss
113 http cache https://registry.npmjs.org/find-up 16ms (cache hit)
114 silly packumentCache full:https://registry.npmjs.org/find-up set size:42620 disposed:false
115 http cache https://registry.npmjs.org/espree 17ms (cache hit)
116 silly packumentCache full:https://registry.npmjs.org/espree set size:326080 disposed:false
117 http cache https://registry.npmjs.org/@eslint%2fconfig-array 18ms (cache hit)
118 silly packumentCache full:https://registry.npmjs.org/@eslint%2fconfig-array set size:74140 disposed:false
119 http cache https://registry.npmjs.org/eslint-scope 21ms (cache hit)
120 silly packumentCache full:https://registry.npmjs.org/eslint-scope set size:98867 disposed:false
121 http cache https://registry.npmjs.org/ajv 25ms (cache hit)
122 silly packumentCache full:https://registry.npmjs.org/ajv set size:1142658 disposed:false
123 http cache https://registry.npmjs.org/@eslint%2fplugin-kit 31ms (cache hit)
124 silly packumentCache full:https://registry.npmjs.org/@eslint%2fplugin-kit set size:73270 disposed:false
125 http cache https://registry.npmjs.org/@eslint%2feslintrc 33ms (cache hit)
126 silly packumentCache full:https://registry.npmjs.org/@eslint%2feslintrc set size:168674 disposed:false
127 http cache https://registry.npmjs.org/@eslint%2fcore 39ms (cache hit)
128 silly packumentCache full:https://registry.npmjs.org/@eslint%2fcore set size:58023 disposed:false
129 http cache https://registry.npmjs.org/@humanfs%2fnode 40ms (cache hit)
130 silly packumentCache full:https://registry.npmjs.org/@humanfs%2fnode set size:39629 disposed:false
131 http cache https://registry.npmjs.org/file-entry-cache 40ms (cache hit)
132 silly packumentCache full:https://registry.npmjs.org/file-entry-cache set size:151480 disposed:false
133 http cache https://registry.npmjs.org/eslint-visitor-keys 42ms (cache hit)
134 silly packumentCache full:https://registry.npmjs.org/eslint-visitor-keys set size:69949 disposed:false
135 http cache https://registry.npmjs.org/@eslint%2fconfig-helpers 42ms (cache hit)
136 silly packumentCache full:https://registry.npmjs.org/@eslint%2fconfig-helpers set size:47979 disposed:false
137 http cache https://registry.npmjs.org/@humanwhocodes%2fretry 43ms (cache hit)
138 silly packumentCache full:https://registry.npmjs.org/@humanwhocodes%2fretry set size:42348 disposed:false
139 silly placeDep node_modules/expo-splash-screen @expo/prebuild-config@54.0.8 OK for: expo-splash-screen@31.0.13 want: ^54.0.8
140 silly fetch manifest lightningcss-darwin-x64@1.32.0
141 silly packumentCache full:https://registry.npmjs.org/lightningcss-darwin-x64 cache-miss
142 http fetch GET 200 https://registry.npmjs.org/lightningcss-darwin-x64 58ms (cache miss)
143 silly packumentCache full:https://registry.npmjs.org/lightningcss-darwin-x64 set size:undefined disposed:false
144 silly fetch manifest lightningcss-win32-x64-msvc@1.32.0
145 silly packumentCache full:https://registry.npmjs.org/lightningcss-win32-x64-msvc cache-miss
146 http fetch GET 200 https://registry.npmjs.org/lightningcss-win32-x64-msvc 33ms (cache miss)
147 silly packumentCache full:https://registry.npmjs.org/lightningcss-win32-x64-msvc set size:undefined disposed:false
148 silly fetch manifest lightningcss-win32-arm64-msvc@1.32.0
149 silly packumentCache full:https://registry.npmjs.org/lightningcss-win32-arm64-msvc cache-miss
150 http fetch GET 200 https://registry.npmjs.org/lightningcss-win32-arm64-msvc 25ms (cache miss)
151 silly packumentCache full:https://registry.npmjs.org/lightningcss-win32-arm64-msvc set size:undefined disposed:false
152 silly fetch manifest lightningcss-darwin-arm64@1.32.0
153 silly packumentCache full:https://registry.npmjs.org/lightningcss-darwin-arm64 cache-miss
154 http fetch GET 200 https://registry.npmjs.org/lightningcss-darwin-arm64 26ms (cache miss)
155 silly packumentCache full:https://registry.npmjs.org/lightningcss-darwin-arm64 set size:undefined disposed:false
156 silly fetch manifest lightningcss-linux-arm64-gnu@1.32.0
157 silly packumentCache full:https://registry.npmjs.org/lightningcss-linux-arm64-gnu cache-miss
158 http fetch GET 200 https://registry.npmjs.org/lightningcss-linux-arm64-gnu 27ms (cache miss)
159 silly packumentCache full:https://registry.npmjs.org/lightningcss-linux-arm64-gnu set size:undefined disposed:false
160 silly fetch manifest lightningcss-linux-arm-gnueabihf@1.32.0
161 silly packumentCache full:https://registry.npmjs.org/lightningcss-linux-arm-gnueabihf cache-miss
162 http fetch GET 200 https://registry.npmjs.org/lightningcss-linux-arm-gnueabihf 22ms (cache miss)
163 silly packumentCache full:https://registry.npmjs.org/lightningcss-linux-arm-gnueabihf set size:undefined disposed:false
164 silly fetch manifest lightningcss-linux-arm64-musl@1.32.0
165 silly packumentCache full:https://registry.npmjs.org/lightningcss-linux-arm64-musl cache-miss
166 http fetch GET 200 https://registry.npmjs.org/lightningcss-linux-arm64-musl 27ms (cache miss)
167 silly packumentCache full:https://registry.npmjs.org/lightningcss-linux-arm64-musl set size:undefined disposed:false
168 silly fetch manifest lightningcss-linux-x64-musl@1.32.0
169 silly packumentCache full:https://registry.npmjs.org/lightningcss-linux-x64-musl cache-miss
170 http fetch GET 200 https://registry.npmjs.org/lightningcss-linux-x64-musl 25ms (cache miss)
171 silly packumentCache full:https://registry.npmjs.org/lightningcss-linux-x64-musl set size:undefined disposed:false
172 silly fetch manifest lightningcss-freebsd-x64@1.32.0
173 silly packumentCache full:https://registry.npmjs.org/lightningcss-freebsd-x64 cache-miss
174 http fetch GET 200 https://registry.npmjs.org/lightningcss-freebsd-x64 26ms (cache miss)
175 silly packumentCache full:https://registry.npmjs.org/lightningcss-freebsd-x64 set size:undefined disposed:false
176 silly fetch manifest lightningcss-android-arm64@1.32.0
177 silly packumentCache full:https://registry.npmjs.org/lightningcss-android-arm64 cache-miss
178 http fetch GET 200 https://registry.npmjs.org/lightningcss-android-arm64 21ms (cache miss)
179 silly packumentCache full:https://registry.npmjs.org/lightningcss-android-arm64 set size:undefined disposed:false
180 silly placeDep ROOT lightningcss-android-arm64@1.32.0 OK for: lightningcss@1.32.0 want: 1.32.0
181 silly placeDep ROOT lightningcss-darwin-arm64@1.32.0 OK for: lightningcss@1.32.0 want: 1.32.0
182 silly placeDep ROOT lightningcss-darwin-x64@1.32.0 OK for: lightningcss@1.32.0 want: 1.32.0
183 silly placeDep ROOT lightningcss-freebsd-x64@1.32.0 OK for: lightningcss@1.32.0 want: 1.32.0
184 silly placeDep ROOT lightningcss-linux-arm-gnueabihf@1.32.0 OK for: lightningcss@1.32.0 want: 1.32.0
185 silly placeDep ROOT lightningcss-linux-arm64-gnu@1.32.0 OK for: lightningcss@1.32.0 want: 1.32.0
186 silly placeDep ROOT lightningcss-linux-arm64-musl@1.32.0 OK for: lightningcss@1.32.0 want: 1.32.0
187 silly placeDep ROOT lightningcss-linux-x64-musl@1.32.0 OK for: lightningcss@1.32.0 want: 1.32.0
188 silly placeDep ROOT lightningcss-win32-arm64-msvc@1.32.0 OK for: lightningcss@1.32.0 want: 1.32.0
189 silly placeDep ROOT lightningcss-win32-x64-msvc@1.32.0 OK for: lightningcss@1.32.0 want: 1.32.0
190 silly fetch manifest @unrs/resolver-binding-win32-x64-msvc@1.11.1
191 silly packumentCache full:https://registry.npmjs.org/@unrs%2fresolver-binding-win32-x64-msvc cache-miss
192 http fetch GET 200 https://registry.npmjs.org/@unrs%2fresolver-binding-win32-x64-msvc 48ms (cache miss)
193 silly packumentCache full:https://registry.npmjs.org/@unrs%2fresolver-binding-win32-x64-msvc set size:undefined disposed:false
194 silly fetch manifest @unrs/resolver-binding-win32-arm64-msvc@1.11.1
195 silly packumentCache full:https://registry.npmjs.org/@unrs%2fresolver-binding-win32-arm64-msvc cache-miss
196 http fetch GET 200 https://registry.npmjs.org/@unrs%2fresolver-binding-win32-arm64-msvc 34ms (cache miss)
197 silly packumentCache full:https://registry.npmjs.org/@unrs%2fresolver-binding-win32-arm64-msvc set size:undefined disposed:false
198 silly fetch manifest @unrs/resolver-binding-win32-ia32-msvc@1.11.1
199 silly packumentCache full:https://registry.npmjs.org/@unrs%2fresolver-binding-win32-ia32-msvc cache-miss
200 http fetch GET 200 https://registry.npmjs.org/@unrs%2fresolver-binding-win32-ia32-msvc 38ms (cache miss)
201 silly packumentCache full:https://registry.npmjs.org/@unrs%2fresolver-binding-win32-ia32-msvc set size:undefined disposed:false
202 silly fetch manifest @unrs/resolver-binding-linux-x64-musl@1.11.1
203 silly packumentCache full:https://registry.npmjs.org/@unrs%2fresolver-binding-linux-x64-musl cache-miss
204 http fetch GET 200 https://registry.npmjs.org/@unrs%2fresolver-binding-linux-x64-musl 37ms (cache miss)
205 silly packumentCache full:https://registry.npmjs.org/@unrs%2fresolver-binding-linux-x64-musl set size:undefined disposed:false
206 silly fetch manifest @unrs/resolver-binding-freebsd-x64@1.11.1
207 silly packumentCache full:https://registry.npmjs.org/@unrs%2fresolver-binding-freebsd-x64 cache-miss
208 http fetch GET 200 https://registry.npmjs.org/@unrs%2fresolver-binding-freebsd-x64 34ms (cache miss)
209 silly packumentCache full:https://registry.npmjs.org/@unrs%2fresolver-binding-freebsd-x64 set size:undefined disposed:false
210 silly fetch manifest @unrs/resolver-binding-android-arm64@1.11.1
211 silly packumentCache full:https://registry.npmjs.org/@unrs%2fresolver-binding-android-arm64 cache-miss
212 http fetch GET 200 https://registry.npmjs.org/@unrs%2fresolver-binding-android-arm64 39ms (cache miss)
213 silly packumentCache full:https://registry.npmjs.org/@unrs%2fresolver-binding-android-arm64 set size:undefined disposed:false
214 silly fetch manifest @unrs/resolver-binding-linux-arm64-gnu@1.11.1
215 silly packumentCache full:https://registry.npmjs.org/@unrs%2fresolver-binding-linux-arm64-gnu cache-miss
216 http fetch GET 200 https://registry.npmjs.org/@unrs%2fresolver-binding-linux-arm64-gnu 33ms (cache miss)
217 silly packumentCache full:https://registry.npmjs.org/@unrs%2fresolver-binding-linux-arm64-gnu set size:undefined disposed:false
218 silly fetch manifest @unrs/resolver-binding-linux-arm64-musl@1.11.1
219 silly packumentCache full:https://registry.npmjs.org/@unrs%2fresolver-binding-linux-arm64-musl cache-miss
220 http fetch GET 200 https://registry.npmjs.org/@unrs%2fresolver-binding-linux-arm64-musl 39ms (cache miss)
221 silly packumentCache full:https://registry.npmjs.org/@unrs%2fresolver-binding-linux-arm64-musl set size:undefined disposed:false
222 silly fetch manifest @unrs/resolver-binding-android-arm-eabi@1.11.1
223 silly packumentCache full:https://registry.npmjs.org/@unrs%2fresolver-binding-android-arm-eabi cache-miss
224 http fetch GET 200 https://registry.npmjs.org/@unrs%2fresolver-binding-android-arm-eabi 32ms (cache miss)
225 silly packumentCache full:https://registry.npmjs.org/@unrs%2fresolver-binding-android-arm-eabi set size:undefined disposed:false
226 silly fetch manifest @unrs/resolver-binding-linux-arm-gnueabihf@1.11.1
227 silly packumentCache full:https://registry.npmjs.org/@unrs%2fresolver-binding-linux-arm-gnueabihf cache-miss
228 http fetch GET 200 https://registry.npmjs.org/@unrs%2fresolver-binding-linux-arm-gnueabihf 37ms (cache miss)
229 silly packumentCache full:https://registry.npmjs.org/@unrs%2fresolver-binding-linux-arm-gnueabihf set size:undefined disposed:false
230 silly fetch manifest @unrs/resolver-binding-linux-arm-musleabihf@1.11.1
231 silly packumentCache full:https://registry.npmjs.org/@unrs%2fresolver-binding-linux-arm-musleabihf cache-miss
232 http fetch GET 200 https://registry.npmjs.org/@unrs%2fresolver-binding-linux-arm-musleabihf 40ms (cache miss)
233 silly packumentCache full:https://registry.npmjs.org/@unrs%2fresolver-binding-linux-arm-musleabihf set size:undefined disposed:false
234 silly fetch manifest @unrs/resolver-binding-linux-ppc64-gnu@1.11.1
235 silly packumentCache full:https://registry.npmjs.org/@unrs%2fresolver-binding-linux-ppc64-gnu cache-miss
236 http fetch GET 200 https://registry.npmjs.org/@unrs%2fresolver-binding-linux-ppc64-gnu 97ms (cache miss)
237 silly packumentCache full:https://registry.npmjs.org/@unrs%2fresolver-binding-linux-ppc64-gnu set size:undefined disposed:false
238 silly fetch manifest @unrs/resolver-binding-linux-riscv64-gnu@1.11.1
239 silly packumentCache full:https://registry.npmjs.org/@unrs%2fresolver-binding-linux-riscv64-gnu cache-miss
240 http fetch GET 200 https://registry.npmjs.org/@unrs%2fresolver-binding-linux-riscv64-gnu 44ms (cache miss)
241 silly packumentCache full:https://registry.npmjs.org/@unrs%2fresolver-binding-linux-riscv64-gnu set size:undefined disposed:false
242 silly fetch manifest @unrs/resolver-binding-linux-riscv64-musl@1.11.1
243 silly packumentCache full:https://registry.npmjs.org/@unrs%2fresolver-binding-linux-riscv64-musl cache-miss
244 http fetch GET 200 https://registry.npmjs.org/@unrs%2fresolver-binding-linux-riscv64-musl 33ms (cache miss)
245 silly packumentCache full:https://registry.npmjs.org/@unrs%2fresolver-binding-linux-riscv64-musl set size:undefined disposed:false
246 silly fetch manifest @unrs/resolver-binding-linux-s390x-gnu@1.11.1
247 silly packumentCache full:https://registry.npmjs.org/@unrs%2fresolver-binding-linux-s390x-gnu cache-miss
248 http fetch GET 200 https://registry.npmjs.org/@unrs%2fresolver-binding-linux-s390x-gnu 37ms (cache miss)
249 silly packumentCache full:https://registry.npmjs.org/@unrs%2fresolver-binding-linux-s390x-gnu set size:undefined disposed:false
250 silly fetch manifest @unrs/resolver-binding-darwin-x64@1.11.1
251 silly packumentCache full:https://registry.npmjs.org/@unrs%2fresolver-binding-darwin-x64 cache-miss
252 http fetch GET 200 https://registry.npmjs.org/@unrs%2fresolver-binding-darwin-x64 31ms (cache miss)
253 silly packumentCache full:https://registry.npmjs.org/@unrs%2fresolver-binding-darwin-x64 set size:undefined disposed:false
254 silly fetch manifest @unrs/resolver-binding-darwin-arm64@1.11.1
255 silly packumentCache full:https://registry.npmjs.org/@unrs%2fresolver-binding-darwin-arm64 cache-miss
256 http fetch GET 200 https://registry.npmjs.org/@unrs%2fresolver-binding-darwin-arm64 37ms (cache miss)
257 silly packumentCache full:https://registry.npmjs.org/@unrs%2fresolver-binding-darwin-arm64 set size:undefined disposed:false
258 silly fetch manifest @unrs/resolver-binding-wasm32-wasi@1.11.1
259 silly packumentCache full:https://registry.npmjs.org/@unrs%2fresolver-binding-wasm32-wasi cache-miss
260 http fetch GET 200 https://registry.npmjs.org/@unrs%2fresolver-binding-wasm32-wasi 36ms (cache miss)
261 silly packumentCache full:https://registry.npmjs.org/@unrs%2fresolver-binding-wasm32-wasi set size:undefined disposed:false
262 silly placeDep ROOT @unrs/resolver-binding-android-arm-eabi@1.11.1 OK for: unrs-resolver@1.11.1 want: 1.11.1
263 silly placeDep ROOT @unrs/resolver-binding-android-arm64@1.11.1 OK for: unrs-resolver@1.11.1 want: 1.11.1
264 silly placeDep ROOT @unrs/resolver-binding-darwin-arm64@1.11.1 OK for: unrs-resolver@1.11.1 want: 1.11.1
265 silly placeDep ROOT @unrs/resolver-binding-darwin-x64@1.11.1 OK for: unrs-resolver@1.11.1 want: 1.11.1
266 silly placeDep ROOT @unrs/resolver-binding-freebsd-x64@1.11.1 OK for: unrs-resolver@1.11.1 want: 1.11.1
267 silly placeDep ROOT @unrs/resolver-binding-linux-arm-gnueabihf@1.11.1 OK for: unrs-resolver@1.11.1 want: 1.11.1
268 silly placeDep ROOT @unrs/resolver-binding-linux-arm-musleabihf@1.11.1 OK for: unrs-resolver@1.11.1 want: 1.11.1
269 silly placeDep ROOT @unrs/resolver-binding-linux-arm64-gnu@1.11.1 OK for: unrs-resolver@1.11.1 want: 1.11.1
270 silly placeDep ROOT @unrs/resolver-binding-linux-arm64-musl@1.11.1 OK for: unrs-resolver@1.11.1 want: 1.11.1
271 silly placeDep ROOT @unrs/resolver-binding-linux-ppc64-gnu@1.11.1 OK for: unrs-resolver@1.11.1 want: 1.11.1
272 silly placeDep ROOT @unrs/resolver-binding-linux-riscv64-gnu@1.11.1 OK for: unrs-resolver@1.11.1 want: 1.11.1
273 silly placeDep ROOT @unrs/resolver-binding-linux-riscv64-musl@1.11.1 OK for: unrs-resolver@1.11.1 want: 1.11.1
274 silly placeDep ROOT @unrs/resolver-binding-linux-s390x-gnu@1.11.1 OK for: unrs-resolver@1.11.1 want: 1.11.1
275 silly placeDep ROOT @unrs/resolver-binding-linux-x64-musl@1.11.1 OK for: unrs-resolver@1.11.1 want: 1.11.1
276 silly placeDep ROOT @unrs/resolver-binding-wasm32-wasi@1.11.1 OK for: unrs-resolver@1.11.1 want: 1.11.1
277 silly placeDep ROOT @unrs/resolver-binding-win32-arm64-msvc@1.11.1 OK for: unrs-resolver@1.11.1 want: 1.11.1
278 silly placeDep ROOT @unrs/resolver-binding-win32-ia32-msvc@1.11.1 OK for: unrs-resolver@1.11.1 want: 1.11.1
279 silly placeDep ROOT @unrs/resolver-binding-win32-x64-msvc@1.11.1 OK for: unrs-resolver@1.11.1 want: 1.11.1
280 silly fetch manifest @napi-rs/wasm-runtime@^0.2.11
281 silly packumentCache full:https://registry.npmjs.org/@napi-rs%2fwasm-runtime cache-miss
282 http fetch GET 200 https://registry.npmjs.org/@napi-rs%2fwasm-runtime 36ms (cache miss)
283 silly packumentCache full:https://registry.npmjs.org/@napi-rs%2fwasm-runtime set size:undefined disposed:false
284 silly placeDep ROOT @napi-rs/wasm-runtime@0.2.12 OK for: @unrs/resolver-binding-wasm32-wasi@1.11.1 want: ^0.2.11
285 silly fetch manifest @emnapi/core@^1.4.3
286 silly packumentCache full:https://registry.npmjs.org/@emnapi%2fcore cache-miss
287 silly fetch manifest @emnapi/runtime@^1.4.3
288 silly packumentCache full:https://registry.npmjs.org/@emnapi%2fruntime cache-miss
289 silly fetch manifest @tybys/wasm-util@^0.10.0
290 silly packumentCache full:https://registry.npmjs.org/@tybys%2fwasm-util cache-miss
291 http fetch GET 200 https://registry.npmjs.org/@emnapi%2fcore 38ms (cache miss)
292 silly packumentCache full:https://registry.npmjs.org/@emnapi%2fcore set size:undefined disposed:false
293 http fetch GET 200 https://registry.npmjs.org/@tybys%2fwasm-util 56ms (cache miss)
294 silly packumentCache full:https://registry.npmjs.org/@tybys%2fwasm-util set size:undefined disposed:false
295 http fetch GET 200 https://registry.npmjs.org/@emnapi%2fruntime 68ms (cache miss)
296 silly packumentCache full:https://registry.npmjs.org/@emnapi%2fruntime set size:undefined disposed:false
297 silly placeDep ROOT @emnapi/core@1.10.0 OK for: @napi-rs/wasm-runtime@0.2.12 want: ^1.4.3
298 silly placeDep ROOT @emnapi/runtime@1.10.0 OK for: @napi-rs/wasm-runtime@0.2.12 want: ^1.4.3
299 silly placeDep ROOT @tybys/wasm-util@0.10.1 OK for: @napi-rs/wasm-runtime@0.2.12 want: ^0.10.0
300 silly fetch manifest @emnapi/wasi-threads@1.2.1
301 silly packumentCache full:https://registry.npmjs.org/@emnapi%2fwasi-threads cache-miss
302 silly fetch manifest tslib@^2.4.0
303 silly packumentCache full:https://registry.npmjs.org/tslib cache-miss
304 silly fetch manifest tslib@^2.4.0
305 silly packumentCache full:https://registry.npmjs.org/tslib cache-miss
306 silly fetch manifest tslib@^2.4.0
307 silly packumentCache full:https://registry.npmjs.org/tslib cache-miss
308 http fetch GET 200 https://registry.npmjs.org/@emnapi%2fwasi-threads 37ms (cache miss)
309 silly packumentCache full:https://registry.npmjs.org/@emnapi%2fwasi-threads set size:undefined disposed:false
310 http fetch GET 200 https://registry.npmjs.org/tslib 40ms (cache miss)
311 silly packumentCache full:https://registry.npmjs.org/tslib set size:undefined disposed:false
312 http fetch GET 200 https://registry.npmjs.org/tslib 42ms (cache miss)
313 silly packumentCache full:https://registry.npmjs.org/tslib set size:undefined disposed:false
314 http fetch GET 200 https://registry.npmjs.org/tslib 43ms (cache miss)
315 silly packumentCache full:https://registry.npmjs.org/tslib set size:undefined disposed:false
316 silly placeDep ROOT @emnapi/wasi-threads@1.2.1 OK for: @emnapi/core@1.10.0 want: 1.2.1
317 silly placeDep ROOT tslib@2.8.1 OK for: @emnapi/core@1.10.0 want: ^2.4.0
318 silly placeDep node_modules/@expo/cli @expo/config-types@54.0.10 OK for: @expo/prebuild-config@54.0.8 want: ^54.0.10
319 silly placeDep node_modules/@expo/cli @react-native/normalize-colors@0.81.5 OK for: @expo/prebuild-config@54.0.8 want: 0.81.5
320 silly placeDep ROOT @eslint/config-array@0.21.2 OK for: eslint@9.39.4 want: ^0.21.2
321 silly placeDep ROOT @eslint/config-helpers@0.4.2 OK for: eslint@9.39.4 want: ^0.4.2
322 silly placeDep ROOT @eslint/core@0.17.0 OK for: eslint@9.39.4 want: ^0.17.0
323 silly placeDep node_modules/eslint-plugin-expo @eslint/eslintrc@3.3.5 OK for: eslint@9.39.4 want: ^3.3.5
324 silly placeDep ROOT @eslint/plugin-kit@0.4.1 OK for: eslint@9.39.4 want: ^0.4.1
325 silly placeDep ROOT @humanfs/node@0.16.8 OK for: eslint@9.39.4 want: ^0.16.6
326 silly placeDep ROOT @humanwhocodes/retry@0.4.3 OK for: eslint@9.39.4 want: ^0.4.2
327 silly placeDep node_modules/eslint-plugin-expo ajv@6.15.0 OK for: eslint@9.39.4 want: ^6.14.0
328 silly placeDep node_modules/eslint-plugin-expo eslint-scope@8.4.0 OK for: eslint@9.39.4 want: ^8.4.0
329 silly placeDep node_modules/eslint-plugin-expo eslint-visitor-keys@4.2.1 OK for: eslint@9.39.4 want: ^4.2.1
330 silly placeDep node_modules/eslint-plugin-expo espree@10.4.0 OK for: eslint@9.39.4 want: ^10.4.0
331 silly placeDep node_modules/eslint-plugin-expo file-entry-cache@8.0.0 OK for: eslint@9.39.4 want: ^8.0.0
332 silly placeDep node_modules/eslint-plugin-expo find-up@5.0.0 OK for: eslint@9.39.4 want: ^5.0.0
333 silly fetch manifest @eslint/object-schema@^2.1.7
334 silly packumentCache full:https://registry.npmjs.org/@eslint%2fobject-schema cache-miss
335 silly fetch manifest espree@^10.0.1
336 silly packumentCache full:https://registry.npmjs.org/espree cache-hit
337 silly fetch manifest globals@^14.0.0
338 silly packumentCache full:https://registry.npmjs.org/globals cache-miss
339 silly fetch manifest strip-json-comments@^3.1.1
340 silly packumentCache full:https://registry.npmjs.org/strip-json-comments cache-miss
341 silly fetch manifest @humanwhocodes/retry@^0.4.0
342 silly packumentCache full:https://registry.npmjs.org/@humanwhocodes%2fretry cache-hit
343 silly fetch manifest @humanfs/core@^0.19.2
344 silly packumentCache full:https://registry.npmjs.org/@humanfs%2fcore cache-miss
345 silly fetch manifest @humanfs/types@^0.15.0
346 silly packumentCache full:https://registry.npmjs.org/@humanfs%2ftypes cache-miss
347 silly fetch manifest json-schema-traverse@^0.4.1
348 silly packumentCache full:https://registry.npmjs.org/json-schema-traverse cache-miss
349 silly fetch manifest flat-cache@^4.0.0
350 silly packumentCache full:https://registry.npmjs.org/flat-cache cache-miss
351 silly fetch manifest locate-path@^6.0.0
352 silly packumentCache full:https://registry.npmjs.org/locate-path cache-miss
353 http fetch GET 200 https://registry.npmjs.org/strip-json-comments 34ms (cache miss)
354 silly packumentCache full:https://registry.npmjs.org/strip-json-comments set size:undefined disposed:false
355 http fetch GET 200 https://registry.npmjs.org/@humanfs%2fcore 49ms (cache miss)
356 silly packumentCache full:https://registry.npmjs.org/@humanfs%2fcore set size:undefined disposed:false
357 http fetch GET 200 https://registry.npmjs.org/globals 51ms (cache miss)
358 silly packumentCache full:https://registry.npmjs.org/globals set size:undefined disposed:false
359 http fetch GET 200 https://registry.npmjs.org/json-schema-traverse 52ms (cache miss)
360 silly packumentCache full:https://registry.npmjs.org/json-schema-traverse set size:undefined disposed:false
361 http fetch GET 200 https://registry.npmjs.org/@eslint%2fobject-schema 57ms (cache miss)
362 silly packumentCache full:https://registry.npmjs.org/@eslint%2fobject-schema set size:undefined disposed:false
363 http fetch GET 200 https://registry.npmjs.org/locate-path 55ms (cache miss)
364 silly packumentCache full:https://registry.npmjs.org/locate-path set size:undefined disposed:false
365 http fetch GET 200 https://registry.npmjs.org/flat-cache 58ms (cache miss)
366 silly packumentCache full:https://registry.npmjs.org/flat-cache set size:undefined disposed:false
367 http fetch GET 200 https://registry.npmjs.org/@humanfs%2ftypes 78ms (cache miss)
368 silly packumentCache full:https://registry.npmjs.org/@humanfs%2ftypes set size:undefined disposed:false
369 silly placeDep ROOT @eslint/object-schema@2.1.7 OK for: @eslint/config-array@0.21.2 want: ^2.1.7
370 silly placeDep ROOT @humanfs/core@0.19.2 OK for: @humanfs/node@0.16.8 want: ^0.19.2
371 silly placeDep ROOT @humanfs/types@0.15.0 OK for: @humanfs/node@0.16.8 want: ^0.15.0
372 silly placeDep node_modules/eslint-plugin-expo globals@14.0.0 OK for: @eslint/eslintrc@3.3.5 want: ^14.0.0
373 silly placeDep node_modules/eslint-plugin-expo strip-json-comments@3.1.1 OK for: @eslint/eslintrc@3.3.5 want: ^3.1.1
374 silly placeDep node_modules/eslint-plugin-expo json-schema-traverse@0.4.1 OK for: ajv@6.15.0 want: ^0.4.1
375 silly placeDep node_modules/eslint-plugin-expo flat-cache@4.0.1 OK for: file-entry-cache@8.0.0 want: ^4.0.0
376 silly placeDep node_modules/eslint-plugin-expo locate-path@6.0.0 OK for: find-up@5.0.0 want: ^6.0.0
377 silly fetch manifest p-locate@^5.0.0
378 silly packumentCache full:https://registry.npmjs.org/p-locate cache-miss
379 http fetch GET 200 https://registry.npmjs.org/p-locate 25ms (cache miss)
380 silly packumentCache full:https://registry.npmjs.org/p-locate set size:undefined disposed:false
381 silly placeDep node_modules/eslint-plugin-expo p-locate@5.0.0 OK for: locate-path@6.0.0 want: ^5.0.0
382 silly fetch manifest p-limit@^3.0.2
383 silly packumentCache full:https://registry.npmjs.org/p-limit cache-miss
384 http fetch GET 200 https://registry.npmjs.org/p-limit 20ms (cache miss)
385 silly packumentCache full:https://registry.npmjs.org/p-limit set size:undefined disposed:false
386 silly placeDep node_modules/eslint-plugin-expo p-limit@3.1.0 OK for: p-locate@5.0.0 want: ^3.0.2
387 silly placeDep node_modules/expo-splash-screen @expo/config-types@54.0.10 OK for: @expo/prebuild-config@54.0.8 want: ^54.0.10
388 silly placeDep node_modules/expo-splash-screen @react-native/normalize-colors@0.81.5 OK for: @expo/prebuild-config@54.0.8 want: 0.81.5
389 silly reify mark retired [ '/expo-project/node_modules/acorn-import-phases' ]
390 silly reify mark retired [ '/expo-project/node_modules/camelcase-css' ]
391 silly reify mark retired [ '/expo-project/node_modules/chrome-trace-event' ]
392 silly reify mark retired [
392 silly reify   '/expo-project/node_modules/cssesc',
392 silly reify   '/expo-project/node_modules/.bin/cssesc'
392 silly reify ]
393 silly reify mark retired [ '/expo-project/node_modules/didyoumean' ]
394 silly reify mark retired [ '/expo-project/node_modules/dlv' ]
395 silly reify mark retired [ '/expo-project/node_modules/enhanced-resolve' ]
396 silly reify mark retired [ '/expo-project/node_modules/es-module-lexer' ]
397 silly reify mark retired [ '/expo-project/node_modules/eslint-scope' ]
398 silly reify mark retired [ '/expo-project/node_modules/events' ]
399 silly reify mark retired [ '/expo-project/node_modules/fdir/node_modules/picomatch' ]
400 silly reify mark retired [ '/expo-project/node_modules/find-yarn-workspace-root' ]
401 silly reify mark retired [ '/expo-project/node_modules/glob-to-regexp' ]
402 silly reify mark retired [ '/expo-project/node_modules/hermes-estree' ]
403 silly reify mark retired [
403 silly reify   '/expo-project/node_modules/jiti',
403 silly reify   '/expo-project/node_modules/.bin/jiti'
403 silly reify ]
404 silly reify mark retired [ '/expo-project/node_modules/json-stable-stringify' ]
405 silly reify mark retired [ '/expo-project/node_modules/jsonify' ]
406 silly reify mark retired [ '/expo-project/node_modules/klaw-sync' ]
407 silly reify mark retired [ '/expo-project/node_modules/lilconfig' ]
408 silly reify mark retired [ '/expo-project/node_modules/loader-runner' ]
409 silly reify mark retired [ '/expo-project/node_modules/map-obj' ]
410 silly reify mark retired [ '/expo-project/node_modules/neo-async' ]
411 silly reify mark retired [ '/expo-project/node_modules/object-hash' ]
412 silly reify mark retired [
412 silly reify   '/expo-project/node_modules/patch-package',
412 silly reify   '/expo-project/node_modules/.bin/patch-package'
412 silly reify ]
413 silly reify mark retired [ '/expo-project/node_modules/pify' ]
414 silly reify mark retired [ '/expo-project/node_modules/postcss' ]
415 silly reify mark retired [ '/expo-project/node_modules/postcss-js' ]
416 silly reify mark retired [ '/expo-project/node_modules/postcss-import' ]
417 silly reify mark retired [ '/expo-project/node_modules/postcss-selector-parser' ]
418 silly reify mark retired [ '/expo-project/node_modules/postcss-nested' ]
419 silly reify mark retired [ '/expo-project/node_modules/postcss-load-config' ]
420 silly reify mark retired [ '/expo-project/node_modules/react-native-reanimated' ]
421 silly reify mark retired [ '/expo-project/node_modules/read-cache' ]
422 silly reify mark retired [
422 silly reify   '/expo-project/node_modules/tailwindcss',
422 silly reify   '/expo-project/node_modules/.bin/tailwind',
422 silly reify   '/expo-project/node_modules/.bin/tailwindcss'
422 silly reify ]
423 silly reify mark retired [ '/expo-project/node_modules/tapable' ]
424 silly reify mark retired [ '/expo-project/node_modules/terser-webpack-plugin' ]
425 silly reify mark retired [ '/expo-project/node_modules/tmp' ]
426 silly reify mark retired [ '/expo-project/node_modules/watchpack' ]
427 silly reify mark retired [
427 silly reify   '/expo-project/node_modules/webpack',
427 silly reify   '/expo-project/node_modules/.bin/webpack'
427 silly reify ]
428 silly reify mark retired [ '/expo-project/node_modules/@alloc/quick-lru' ]
429 silly reify mark retired [ '/expo-project/node_modules/@expo/config-types' ]
430 silly reify mark retired [ '/expo-project/node_modules/@expo/prebuild-config' ]
431 silly reify mark retired [ '/expo-project/node_modules/@types/eslint' ]
432 silly reify mark retired [ '/expo-project/node_modules/@types/eslint-scope' ]
433 silly reify mark retired [ '/expo-project/node_modules/@webassemblyjs/ast' ]
434 silly reify mark retired [
434 silly reify   '/expo-project/node_modules/@webassemblyjs/floating-point-hex-parser'
434 silly reify ]
435 silly reify mark retired [ '/expo-project/node_modules/@webassemblyjs/helper-api-error' ]
436 silly reify mark retired [ '/expo-project/node_modules/@webassemblyjs/helper-wasm-bytecode' ]
437 silly reify mark retired [ '/expo-project/node_modules/@webassemblyjs/helper-numbers' ]
438 silly reify mark retired [ '/expo-project/node_modules/@webassemblyjs/helper-buffer' ]
439 silly reify mark retired [ '/expo-project/node_modules/@webassemblyjs/leb128' ]
440 silly reify mark retired [ '/expo-project/node_modules/@webassemblyjs/ieee754' ]
441 silly reify mark retired [ '/expo-project/node_modules/@webassemblyjs/utf8' ]
442 silly reify mark retired [ '/expo-project/node_modules/@webassemblyjs/helper-wasm-section' ]
443 silly reify mark retired [ '/expo-project/node_modules/@webassemblyjs/wasm-gen' ]
444 silly reify mark retired [ '/expo-project/node_modules/@webassemblyjs/wasm-edit' ]
445 silly reify mark retired [ '/expo-project/node_modules/@webassemblyjs/wasm-opt' ]
446 silly reify mark retired [ '/expo-project/node_modules/@webassemblyjs/wasm-parser' ]
447 silly reify mark retired [ '/expo-project/node_modules/@xtuc/ieee754' ]
448 silly reify mark retired [ '/expo-project/node_modules/@webassemblyjs/wast-printer' ]
449 silly reify mark retired [ '/expo-project/node_modules/@yarnpkg/lockfile' ]
450 silly reify mark retired [ '/expo-project/node_modules/@xtuc/long' ]
451 silly reify moves {
451 silly reify   '/expo-project/node_modules/acorn-import-phases': '/expo-project/node_modules/.acorn-import-phases-6MW0eRcz',
451 silly reify   '/expo-project/node_modules/camelcase-css': '/expo-project/node_modules/.camelcase-css-wAgnqkNn',
451 silly reify   '/expo-project/node_modules/chrome-trace-event': '/expo-project/node_modules/.chrome-trace-event-ILfYNOaQ',
451 silly reify   '/expo-project/node_modules/cssesc': '/expo-project/node_modules/.cssesc-FHEVUgTv',
451 silly reify   '/expo-project/node_modules/.bin/cssesc': '/expo-project/node_modules/.bin/.cssesc-YXddexZr',
451 silly reify   '/expo-project/node_modules/didyoumean': '/expo-project/node_modules/.didyoumean-HVy0vpG2',
451 silly reify   '/expo-project/node_modules/dlv': '/expo-project/node_modules/.dlv-YnQPJQht',
451 silly reify   '/expo-project/node_modules/enhanced-resolve': '/expo-project/node_modules/.enhanced-resolve-XaLQRgeY',
451 silly reify   '/expo-project/node_modules/es-module-lexer': '/expo-project/node_modules/.es-module-lexer-ytwbXk2k',
451 silly reify   '/expo-project/node_modules/eslint-scope': '/expo-project/node_modules/.eslint-scope-1vqN854h',
451 silly reify   '/expo-project/node_modules/events': '/expo-project/node_modules/.events-q3pIfXpl',
451 silly reify   '/expo-project/node_modules/fdir/node_modules/picomatch': '/expo-project/node_modules/fdir/node_modules/.picomatch-MVHgxB2B',
451 silly reify   '/expo-project/node_modules/find-yarn-workspace-root': '/expo-project/node_modules/.find-yarn-workspace-root-bzUS3kOM',
451 silly reify   '/expo-project/node_modules/glob-to-regexp': '/expo-project/node_modules/.glob-to-regexp-9dhfPOyK',
451 silly reify   '/expo-project/node_modules/hermes-estree': '/expo-project/node_modules/.hermes-estree-saEkMsbJ',
451 silly reify   '/expo-project/node_modules/jiti': '/expo-project/node_modules/.jiti-Le95Adlj',
451 silly reify   '/expo-project/node_modules/.bin/jiti': '/expo-project/node_modules/.bin/.jiti-bp4sT1f0',
451 silly reify   '/expo-project/node_modules/json-stable-stringify': '/expo-project/node_modules/.json-stable-stringify-zFnwcA29',
451 silly reify   '/expo-project/node_modules/jsonify': '/expo-project/node_modules/.jsonify-nkXgWdE8',
451 silly reify   '/expo-project/node_modules/klaw-sync': '/expo-project/node_modules/.klaw-sync-JUfjAKYa',
451 silly reify   '/expo-project/node_modules/lilconfig': '/expo-project/node_modules/.lilconfig-wTPp5K4J',
451 silly reify   '/expo-project/node_modules/loader-runner': '/expo-project/node_modules/.loader-runner-JdWgHo6S',
451 silly reify   '/expo-project/node_modules/map-obj': '/expo-project/node_modules/.map-obj-xycYQldl',
451 silly reify   '/expo-project/node_modules/neo-async': '/expo-project/node_modules/.neo-async-pivOL7WC',
451 silly reify   '/expo-project/node_modules/object-hash': '/expo-project/node_modules/.object-hash-KPGADZrh',
451 silly reify   '/expo-project/node_modules/patch-package': '/expo-project/node_modules/.patch-package-S2gtuJET',
451 silly reify   '/expo-project/node_modules/.bin/patch-package': '/expo-project/node_modules/.bin/.patch-package-sOIM3Kf9',
451 silly reify   '/expo-project/node_modules/pify': '/expo-project/node_modules/.pify-KOKzznRQ',
451 silly reify   '/expo-project/node_modules/postcss': '/expo-project/node_modules/.postcss-3DuYoTzU',
451 silly reify   '/expo-project/node_modules/postcss-js': '/expo-project/node_modules/.postcss-js-1DOeWn2f',
451 silly reify   '/expo-project/node_modules/postcss-import': '/expo-project/node_modules/.postcss-import-Z5E3fYTl',
451 silly reify   '/expo-project/node_modules/postcss-selector-parser': '/expo-project/node_modules/.postcss-selector-parser-oxndXK0U',
451 silly reify   '/expo-project/node_modules/postcss-nested': '/expo-project/node_modules/.postcss-nested-PGl5AUZJ',
451 silly reify   '/expo-project/node_modules/postcss-load-config': '/expo-project/node_modules/.postcss-load-config-NMRpF0oW',
451 silly reify   '/expo-project/node_modules/react-native-reanimated': '/expo-project/node_modules/.react-native-reanimated-fQSADvgS',
451 silly reify   '/expo-project/node_modules/read-cache': '/expo-project/node_modules/.read-cache-3ztwnmqw',
451 silly reify   '/expo-project/node_modules/tailwindcss': '/expo-project/node_modules/.tailwindcss-GoxHqWmm',
451 silly reify   '/expo-project/node_modules/.bin/tailwind': '/expo-project/node_modules/.bin/.tailwind-FRFSz7Zz',
451 silly reify   '/expo-project/node_modules/.bin/tailwindcss': '/expo-project/node_modules/.bin/.tailwindcss-X8AcRu8o',
451 silly reify   '/expo-project/node_modules/tapable': '/expo-project/node_modules/.tapable-jOgpzH6g',
451 silly reify   '/expo-project/node_modules/terser-webpack-plugin': '/expo-project/node_modules/.terser-webpack-plugin-nLpCjtb2',
451 silly reify   '/expo-project/node_modules/tmp': '/expo-project/node_modules/.tmp-IC4w8Fyi',
451 silly reify   '/expo-project/node_modules/watchpack': '/expo-project/node_modules/.watchpack-CtBmzww1',
451 silly reify   '/expo-project/node_modules/webpack': '/expo-project/node_modules/.webpack-PhlV1HXx',
451 silly reify   '/expo-project/node_modules/.bin/webpack': '/expo-project/node_modules/.bin/.webpack-4BcEh1kw',
451 silly reify   '/expo-project/node_modules/@alloc/quick-lru': '/expo-project/node_modules/@alloc/.quick-lru-daYvCSEp',
451 silly reify   '/expo-project/node_modules/@expo/config-types': '/expo-project/node_modules/@expo/.config-types-SkEvvjZ9',
451 silly reify   '/expo-project/node_modules/@expo/prebuild-config': '/expo-project/node_modules/@expo/.prebuild-config-kx6itQyS',
451 silly reify   '/expo-project/node_modules/@types/eslint': '/expo-project/node_modules/@types/.eslint-ZPP7N45M',
451 silly reify   '/expo-project/node_modules/@types/eslint-scope': '/expo-project/node_modules/@types/.eslint-scope-KQXr7bxR',
451 silly reify   '/expo-project/node_modules/@webassemblyjs/ast': '/expo-project/node_modules/@webassemblyjs/.ast-BdzCsoZQ',
451 silly reify   '/expo-project/node_modules/@webassemblyjs/floating-point-hex-parser': '/expo-project/node_modules/@webassemblyjs/.floating-point-hex-parser-VYrKzEFe',
451 silly reify   '/expo-project/node_modules/@webassemblyjs/helper-api-error': '/expo-project/node_modules/@webassemblyjs/.helper-api-error-U8O4E4AK',
451 silly reify   '/expo-project/node_modules/@webassemblyjs/helper-wasm-bytecode': '/expo-project/node_modules/@webassemblyjs/.helper-wasm-bytecode-fGw6nCe1',
451 silly reify   '/expo-project/node_modules/@webassemblyjs/helper-numbers': '/expo-project/node_modules/@webassemblyjs/.helper-numbers-ty1c4jQm',
451 silly reify   '/expo-project/node_modules/@webassemblyjs/helper-buffer': '/expo-project/node_modules/@webassemblyjs/.helper-buffer-kIdrCLDN',
451 silly reify   '/expo-project/node_modules/@webassemblyjs/leb128': '/expo-project/node_modules/@webassemblyjs/.leb128-W2CpsC1U',
451 silly reify   '/expo-project/node_modules/@webassemblyjs/ieee754': '/expo-project/node_modules/@webassemblyjs/.ieee754-Kv15N7Q1',
451 silly reify   '/expo-project/node_modules/@webassemblyjs/utf8': '/expo-project/node_modules/@webassemblyjs/.utf8-q2UZ1MRn',
451 silly reify   '/expo-project/node_modules/@webassemblyjs/helper-wasm-section': '/expo-project/node_modules/@webassemblyjs/.helper-wasm-section-2gnb2pOj',
451 silly reify   '/expo-project/node_modules/@webassemblyjs/wasm-gen': '/expo-project/node_modules/@webassemblyjs/.wasm-gen-6sCqacfq',
451 silly reify   '/expo-project/node_modules/@webassemblyjs/wasm-edit': '/expo-project/node_modules/@webassemblyjs/.wasm-edit-fr7S1Lmv',
451 silly reify   '/expo-project/node_modules/@webassemblyjs/wasm-opt': '/expo-project/node_modules/@webassemblyjs/.wasm-opt-RBhc4axK',
451 silly reify   '/expo-project/node_modules/@webassemblyjs/wasm-parser': '/expo-project/node_modules/@webassemblyjs/.wasm-parser-oKb9f7b0',
451 silly reify   '/expo-project/node_modules/@xtuc/ieee754': '/expo-project/node_modules/@xtuc/.ieee754-v7eWkp8Q',
451 silly reify   '/expo-project/node_modules/@webassemblyjs/wast-printer': '/expo-project/node_modules/@webassemblyjs/.wast-printer-uDqdKjSU',
451 silly reify   '/expo-project/node_modules/@yarnpkg/lockfile': '/expo-project/node_modules/@yarnpkg/.lockfile-lFH30R2x',
451 silly reify   '/expo-project/node_modules/@xtuc/long': '/expo-project/node_modules/@xtuc/.long-p24ixsQu'
451 silly reify }
452 silly audit bulk request {
452 silly audit   accepts: [ '1.3.8', '2.0.0' ],
452 silly audit   'mime-types': [ '2.1.35', '3.0.2' ],
452 silly audit   negotiator: [ '0.6.3', '0.6.4', '1.0.0' ],
452 silly audit   'mime-db': [ '1.52.0', '1.54.0' ],
452 silly audit   'abort-controller': [ '3.0.0' ],
452 silly audit   acorn: [ '8.16.0' ],
452 silly audit   'acorn-jsx': [ '5.3.2' ],
452 silly audit   'agent-base': [ '7.1.4' ],
452 silly audit   ajv: [ '8.20.0', '6.15.0' ],
452 silly audit   'ajv-formats': [ '2.1.1' ],
452 silly audit   'ajv-keywords': [ '5.1.0' ],
452 silly audit   anser: [ '1.4.10' ],
452 silly audit   'ansi-align': [ '3.0.1' ],
452 silly audit   'ansi-escapes': [ '4.3.2' ],
452 silly audit   'type-fest': [
452 silly audit     '0.21.3', '0.20.2',
452 silly audit     '0.13.1', '0.6.0',
452 silly audit     '0.8.1',  '0.7.1',
452 silly audit     '0.16.0', '4.41.0'
452 silly audit   ],
452 silly audit   'ansi-regex': [ '5.0.1', '6.2.2', '4.1.1' ],
452 silly audit   'ansi-styles': [ '4.3.0', '6.2.3', '3.2.1', '5.2.0' ],
452 silly audit   'any-promise': [ '1.3.0' ],
452 silly audit   anymatch: [ '3.1.3' ],
452 silly audit   arg: [ '5.0.2' ],
452 silly audit   argparse: [ '1.0.10', '2.0.1' ],
452 silly audit   'array-buffer-byte-length': [ '1.0.2' ],
452 silly audit   'array-includes': [ '3.1.9' ],
452 silly audit   'array.prototype.findlast': [ '1.2.5' ],
452 silly audit   'array-union': [ '2.1.0' ],
452 silly audit   'array.prototype.findlastindex': [ '1.2.6' ],
452 silly audit   'array.prototype.flat': [ '1.3.3' ],
452 silly audit   'array.prototype.flatmap': [ '1.3.3' ],
452 silly audit   'array.prototype.tosorted': [ '1.1.4' ],
452 silly audit   'arraybuffer.prototype.slice': [ '1.0.4' ],
452 silly audit   arrify: [ '1.0.1' ],
452 silly audit   asap: [ '2.0.6' ],
452 silly audit   async: [ '3.2.6' ],
452 silly audit   'async-function': [ '1.0.0' ],
452 silly audit   'async-limiter': [ '1.0.1' ],
452 silly audit   'at-least-node': [ '1.0.0' ],
452 silly audit   atomically: [ '2.1.1' ],
452 silly audit   'available-typed-arrays': [ '1.0.7' ],
452 silly audit   'babel-jest': [ '29.7.0' ],
452 silly audit   'babel-plugin-istanbul': [ '6.1.1' ],
452 silly audit   'babel-plugin-jest-hoist': [ '29.6.3' ],
452 silly audit   'babel-plugin-module-resolver': [ '5.0.3' ],
452 silly audit   glob: [ '9.3.5', '13.0.6', '7.2.3', '11.1.0', '10.5.0' ],
452 silly audit   minimatch: [ '8.0.7', '10.2.5', '5.1.9', '3.1.5', '9.0.9', '9.0.3' ],
452 silly audit   minipass: [ '4.2.8', '7.1.3' ],
452 silly audit   'babel-plugin-polyfill-corejs2': [ '0.4.17' ],
452 silly audit   semver: [ '6.3.1', '7.6.3', '5.7.2', '7.7.4' ],
452 silly audit   'babel-plugin-polyfill-corejs3': [ '0.13.0', '0.14.2' ],
452 silly audit   'babel-plugin-polyfill-regenerator': [ '0.6.8' ],
452 silly audit   'babel-plugin-react-compiler': [ '1.0.0' ],
452 silly audit   'babel-plugin-react-native-web': [ '0.21.2' ],
452 silly audit   'babel-plugin-syntax-hermes-parser': [ '0.29.1' ],
452 silly audit   'babel-plugin-transform-flow-enums': [ '0.0.2' ],
452 silly audit   'babel-preset-current-node-syntax': [ '1.2.0' ],
452 silly audit   'babel-preset-expo': [ '54.0.10' ],
452 silly audit   'babel-preset-jest': [ '29.6.3' ],
452 silly audit   'balanced-match': [ '1.0.2', '4.0.4' ],
452 silly audit   'base64-js': [ '1.5.1' ],
452 silly audit   'better-opn': [ '3.0.2' ],
452 silly audit   open: [ '8.4.2', '7.4.2' ],
452 silly audit   'baseline-browser-mapping': [ '2.10.22' ],
452 silly audit   'binary-extensions': [ '2.3.0' ],
452 silly audit   'big-integer': [ '1.6.52' ],
452 silly audit   bl: [ '4.1.0' ],
452 silly audit   boxen: [ '8.0.1' ],
452 silly audit   chalk: [ '5.6.2', '4.1.2', '2.4.2' ],
452 silly audit   camelcase: [ '8.0.0', '5.3.1', '6.3.0' ],
452 silly audit   'emoji-regex': [ '10.6.0', '8.0.0', '9.2.2' ],
452 silly audit   'string-width': [ '7.2.0', '4.2.3', '5.1.2' ],
452 silly audit   'strip-ansi': [ '7.2.0', '5.2.0', '6.0.1' ],
452 silly audit   'wrap-ansi': [ '9.0.2', '7.0.0', '8.1.0' ],
452 silly audit   'bplist-creator': [ '0.1.0' ],
452 silly audit   'bplist-parser': [ '0.3.1', '0.3.2' ],
452 silly audit   'brace-expansion': [ '2.1.0', '5.0.5', '1.1.14' ],
452 silly audit   braces: [ '3.0.3' ],
452 silly audit   browserslist: [ '4.28.2' ],
452 silly audit   buffer: [ '5.7.1' ],
452 silly audit   bser: [ '2.1.1' ],
452 silly audit   'buffer-from': [ '1.1.2' ],
452 silly audit   bytes: [ '3.1.2' ],
452 silly audit   'cacheable-request': [ '7.0.4' ],
452 silly audit   'cacheable-lookup': [ '5.0.4' ],
452 silly audit   'call-bind': [ '1.0.9' ],
452 silly audit   'call-bind-apply-helpers': [ '1.0.2' ],
452 silly audit   'call-bound': [ '1.0.4' ],
452 silly audit   callsites: [ '3.1.0' ],
452 silly audit   'camelcase-keys': [ '6.2.2' ],
452 silly audit   'map-obj': [ '4.3.0', '1.0.1' ],
452 silly audit   'quick-lru': [ '4.0.1', '5.1.1' ],
452 silly audit   'caniuse-lite': [ '1.0.30001791' ],
452 silly audit   chardet: [ '0.7.0' ],
452 silly audit   chokidar: [ '3.6.0' ],
452 silly audit   'glob-parent': [ '5.1.2', '6.0.2' ],
452 silly audit   chownr: [ '3.0.0' ],
452 silly audit   'chrome-launcher': [ '0.15.2' ],
452 silly audit   'chromium-edge-launcher': [ '0.2.0' ],
452 silly audit   'ci-info': [ '3.9.0', '2.0.0' ],
452 silly audit   'cli-boxes': [ '3.0.0' ],
452 silly audit   'cli-cursor': [ '3.1.0', '2.1.0' ],
452 silly audit   'mimic-fn': [ '2.1.0', '1.2.0' ],
452 silly audit   onetime: [ '5.1.2', '2.0.1' ],
452 silly audit   'restore-cursor': [ '3.1.0', '2.0.0' ],
452 silly audit   'cli-spinners': [ '2.9.2' ],
452 silly audit   'cli-width': [ '3.0.0' ],
452 silly audit   'client-only': [ '0.0.1' ],
452 silly audit   cliui: [ '8.0.1' ],
452 silly audit   clone: [ '1.0.4' ],
452 silly audit   'clone-deep': [ '4.0.1' ],
452 silly audit   'clone-response': [ '1.0.3' ],
452 silly audit   'mimic-response': [ '1.0.1', '3.1.0' ],
452 silly audit   color: [ '4.2.3' ],
452 silly audit   'color-convert': [ '2.0.1', '1.9.3' ],
452 silly audit   'color-name': [ '1.1.4', '1.1.3' ],
452 silly audit   'color-string': [ '1.9.1' ],
452 silly audit   colorette: [ '2.0.20' ],
452 silly audit   commander: [ '12.1.0', '7.2.0', '4.1.1', '2.20.3' ],
452 silly audit   'common-tags': [ '1.8.2' ],
452 silly audit   compressible: [ '2.0.18' ],
452 silly audit   compression: [ '1.8.1' ],
452 silly audit   debug: [ '2.6.9', '4.4.3', '3.2.7' ],
452 silly audit   ms: [ '2.0.0', '2.1.3' ],
452 silly audit   'concat-map': [ '0.0.1' ],
452 silly audit   'config-chain': [ '1.1.13' ],
452 silly audit   configstore: [ '7.1.0' ],
452 silly audit   connect: [ '3.7.0' ],
452 silly audit   'convert-source-map': [ '2.0.0' ],
452 silly audit   cookie: [ '1.1.1' ],
452 silly audit   'core-js-compat': [ '3.49.0' ],
452 silly audit   'cross-fetch': [ '3.2.0' ],
452 silly audit   'cross-spawn': [ '7.0.6' ],
452 silly audit   'crypto-random-string': [ '2.0.0' ],
452 silly audit   'css-in-js-utils': [ '3.1.0' ],
452 silly audit   csstype: [ '3.2.3' ],
452 silly audit   'data-view-byte-length': [ '1.0.2' ],
452 silly audit   'data-view-buffer': [ '1.0.2' ],
452 silly audit   'data-view-byte-offset': [ '1.0.1' ],
452 silly audit   'decamelize-keys': [ '1.1.1' ],
452 silly audit   decamelize: [ '1.2.0' ],
452 silly audit   'decompress-response': [ '6.0.0' ],
452 silly audit   'decode-uri-component': [ '0.2.2' ],
452 silly audit   'deep-extend': [ '0.6.0' ],
452 silly audit   'deep-is': [ '0.1.4' ],
452 silly audit   deepmerge: [ '4.3.1' ],
452 silly audit   defaults: [ '1.0.4' ],
452 silly audit   'define-data-property': [ '1.1.4' ],
452 silly audit   'define-lazy-prop': [ '2.0.0' ],
452 silly audit   'defer-to-connect': [ '2.0.1' ],
452 silly audit   'define-properties': [ '1.2.1' ],
452 silly audit   depd: [ '2.0.0' ],
452 silly audit   destroy: [ '1.2.0' ],
452 silly audit   'detect-libc': [ '2.1.2' ],
452 silly audit   difflib: [ '0.2.4' ],
452 silly audit   'dir-glob': [ '3.0.1' ],
452 silly audit   doctrine: [ '2.1.0', '3.0.0' ],
452 silly audit   'dot-prop': [ '9.0.0' ],
452 silly audit   dotenv: [ '16.4.7' ],
452 silly audit   'dotenv-expand': [ '11.0.7' ],
452 silly audit   eas: [ '0.1.0' ],
452 silly audit   'dunder-proto': [ '1.0.1' ],
452 silly audit   eastasianwidth: [ '0.2.0' ],
452 silly audit   'ee-first': [ '1.1.1' ],
452 silly audit   ejs: [ '3.1.10' ],
452 silly audit   'electron-to-chromium': [ '1.5.344' ],
452 silly audit   encodeurl: [ '2.0.0', '1.0.2' ],
452 silly audit   'end-of-stream': [ '1.4.5' ],
452 silly audit   'env-editor': [ '0.4.2' ],
452 silly audit   envinfo: [ '7.21.0' ],
452 silly audit   'error-ex': [ '1.3.4' ],
452 silly audit   'is-arrayish': [ '0.2.1', '0.3.4' ],
452 silly audit   'error-stack-parser': [ '2.1.4' ],
452 silly audit   'es-define-property': [ '1.0.1' ],
452 silly audit   'es-abstract': [ '1.24.2' ],
452 silly audit   'es-errors': [ '1.3.0' ],
452 silly audit   'es-iterator-helpers': [ '1.3.2' ],
452 silly audit   'es-object-atoms': [ '1.1.1' ],
452 silly audit   'es-set-tostringtag': [ '2.1.0' ],
452 silly audit   'es-shim-unscopables': [ '1.1.0' ],
452 silly audit   'es-to-primitive': [ '1.3.0' ],
452 silly audit   escalade: [ '3.2.0' ],
452 silly audit   'escape-html': [ '1.0.3' ],
452 silly audit   'escape-goat': [ '4.0.0' ],
452 silly audit   'escape-string-regexp': [ '4.0.0', '1.0.5', '2.0.0' ],
452 silly audit   eslint: [ '8.57.1', '9.39.4' ],
452 silly audit   'eslint-scope': [ '7.2.2', '8.4.0' ],
452 silly audit   globals: [ '13.24.0', '16.5.0', '15.15.0', '14.0.0' ],
452 silly audit   'find-up': [ '5.0.0', '4.1.0', '3.0.0' ],
452 silly audit   'is-path-inside': [ '3.0.3', '4.0.0' ],
452 silly audit   'json-schema-traverse': [ '0.4.1', '1.0.0' ],
452 silly audit   'locate-path': [ '6.0.0', '5.0.0', '3.0.0' ],
452 silly audit   'p-limit': [ '3.1.0', '2.3.0' ],
452 silly audit   'p-locate': [ '5.0.0', '4.1.0', '3.0.0' ],
452 silly audit   '@eslint/js': [ '8.57.1', '9.39.4' ],
452 silly audit   'eslint-import-resolver-node': [ '0.3.10' ],
452 silly audit   resolve: [ '2.0.0-next.6', '1.7.1', '1.22.12' ],
452 silly audit   'eslint-config-expo': [ '10.0.0' ],
452 silly audit   'eslint-visitor-keys': [ '5.0.1', '3.4.3', '4.2.1' ],
452 silly audit   ignore: [ '7.0.5', '5.3.2' ],
452 silly audit   'ts-api-utils': [ '2.5.0', '1.4.3' ],
452 silly audit   '@typescript-eslint/eslint-plugin': [ '8.59.0', '6.21.0' ],
452 silly audit   '@typescript-eslint/parser': [ '8.59.0', '6.21.0' ],
452 silly audit   '@typescript-eslint/scope-manager': [ '8.59.0', '6.21.0' ],
452 silly audit   '@typescript-eslint/type-utils': [ '8.59.0', '6.21.0' ],
452 silly audit   '@typescript-eslint/typescript-estree': [ '8.59.0', '6.21.0' ],
452 silly audit   '@typescript-eslint/visitor-keys': [ '8.59.0', '6.21.0' ],
452 silly audit   'eslint-import-resolver-typescript': [ '3.10.1' ],
452 silly audit   'eslint-module-utils': [ '2.12.1' ],
452 silly audit   'eslint-plugin-expo': [ '1.0.0' ],
452 silly audit   'eslint-plugin-import': [ '2.32.0' ],
452 silly audit   'eslint-plugin-react': [ '7.37.5' ],
452 silly audit   'eslint-plugin-react-hooks': [ '5.2.0' ],
452 silly audit   estraverse: [ '5.3.0' ],
452 silly audit   espree: [ '9.6.1', '10.4.0' ],
452 silly audit   esprima: [ '4.0.1' ],
452 silly audit   esquery: [ '1.7.0' ],
452 silly audit   esrecurse: [ '4.3.0' ],
452 silly audit   'estree-walker': [ '2.0.2', '1.0.1' ],
452 silly audit   esutils: [ '2.0.3' ],
452 silly audit   etag: [ '1.8.1' ],
452 silly audit   'event-target-shim': [ '5.0.1' ],
452 silly audit   expo: [ '54.0.33' ],
452 silly audit   'expo-blur': [ '15.0.8' ],
452 silly audit   'expo-asset': [ '12.0.12' ],
452 silly audit   'expo-clipboard': [ '8.0.8' ],
452 silly audit   'expo-file-system': [ '19.0.21' ],
452 silly audit   'expo-constants': [ '18.0.13' ],
452 silly audit   'expo-font': [ '14.0.11' ],
452 silly audit   'expo-glass-effect': [ '0.1.9' ],
452 silly audit   'expo-haptics': [ '15.0.8' ],
452 silly audit   'expo-image-loader': [ '6.0.0' ],
452 silly audit   'expo-image-picker': [ '17.0.10' ],
452 silly audit   'expo-keep-awake': [ '15.0.8' ],
452 silly audit   'expo-linear-gradient': [ '15.0.8' ],
452 silly audit   'expo-linking': [ '8.0.11' ],
452 silly audit   'expo-modules-core': [ '3.0.29' ],
452 silly audit   'expo-modules-autolinking': [ '3.0.24' ],
452 silly audit   'expo-network': [ '8.0.8' ],
452 silly audit   'expo-server': [ '1.0.5' ],
452 silly audit   'expo-speech': [ '14.0.8' ],
452 silly audit   'expo-router': [ '4.0.22' ],
452 silly audit   '@expo/metro-runtime': [ '4.0.1', '6.1.2' ],
452 silly audit   'expo-splash-screen': [ '31.0.13' ],
452 silly audit   'expo-status-bar': [ '3.0.9' ],
452 silly audit   'expo-symbols': [ '1.0.8' ],
452 silly audit   'expo-system-ui': [ '6.0.9' ],
452 silly audit   '@react-native/normalize-colors': [ '0.81.5', '0.81.4', '0.74.89', '0.79.7' ],
452 silly audit   'expo-web-browser': [ '15.0.10' ],
452 silly audit   'exponential-backoff': [ '3.1.3' ],
452 silly audit   'external-editor': [ '3.1.0' ],
452 silly audit   tmp: [ '0.0.33' ],
452 silly audit   'fast-deep-equal': [ '3.1.3' ],
452 silly audit   'fast-levenshtein': [ '2.0.6' ],
452 silly audit   'fast-json-stable-stringify': [ '2.1.0' ],
452 silly audit   'fastest-levenshtein': [ '1.0.16' ],
452 silly audit   'fast-glob': [ '3.3.3' ],
452 silly audit   'fast-uri': [ '3.1.0' ],
452 silly audit   fastq: [ '1.20.1' ],
452 silly audit   'fb-watchman': [ '2.0.2' ],
452 silly audit   fbjs: [ '3.0.5' ],
452 silly audit   promise: [ '7.3.1', '8.3.0' ],
452 silly audit   'fbjs-css-vars': [ '1.0.2' ],
452 silly audit   fdir: [ '6.5.0' ],
452 silly audit   picomatch: [ '2.3.2', '4.0.4', '3.0.2' ],
452 silly audit   figures: [ '3.2.0' ],
452 silly audit   'file-entry-cache': [ '6.0.1', '8.0.0' ],
452 silly audit   filelist: [ '1.0.6' ],
452 silly audit   'fill-range': [ '7.1.1' ],
452 silly audit   'filter-obj': [ '1.1.0' ],
452 silly audit   finalhandler: [ '1.1.2' ],
452 silly audit   statuses: [ '1.5.0', '2.0.2' ],
452 silly audit   'find-babel-config': [ '2.1.2' ],
452 silly audit   'flat-cache': [ '3.2.0', '4.0.1' ],
452 silly audit   flat: [ '5.0.2' ],
452 silly audit   flatted: [ '3.4.2' ],
452 silly audit   'flow-enums-runtime': [ '0.0.6' ],
452 silly audit   fontfaceobserver: [ '2.3.0' ],
452 silly audit   'for-each': [ '0.3.5' ],
452 silly audit   'foreground-child': [ '3.3.1' ],
452 silly audit   'signal-exit': [ '4.1.0', '3.0.7' ],
452 silly audit   fresh: [ '0.5.2' ],
452 silly audit   'freeport-async': [ '2.0.0' ],
452 silly audit   'fs-extra': [ '9.1.0' ],
452 silly audit   'fs.realpath': [ '1.0.0' ],
452 silly audit   'function-bind': [ '1.1.2' ],
452 silly audit   'function.prototype.name': [ '1.1.8' ],
452 silly audit   'functions-have-names': [ '1.2.3' ],
452 silly audit   'generator-function': [ '2.0.1' ],
452 silly audit   gensync: [ '1.0.0-beta.2' ],
452 silly audit   'get-caller-file': [ '2.0.5' ],
452 silly audit   'get-east-asian-width': [ '1.5.0' ],
452 silly audit   'get-intrinsic': [ '1.3.0' ],
452 silly audit   'get-own-enumerable-property-symbols': [ '3.0.2' ],
452 silly audit   'get-package-type': [ '0.1.0' ],
452 silly audit   'get-proto': [ '1.0.1' ],
452 silly audit   'get-stream': [ '5.2.0' ],
452 silly audit   'get-symbol-description': [ '1.1.0' ],
452 silly audit   'get-tsconfig': [ '4.14.0' ],
452 silly audit   getenv: [ '2.0.0' ],
452 silly audit   'lru-cache': [ '11.3.5', '10.4.3', '5.1.1' ],
452 silly audit   'path-scurry': [ '2.0.2', '1.11.1' ],
452 silly audit   'global-directory': [ '4.0.1' ],
452 silly audit   ini: [ '4.1.1', '1.3.8' ],
452 silly audit   globby: [ '11.1.0' ],
452 silly audit   globalthis: [ '1.0.4' ],
452 silly audit   gopd: [ '1.2.0' ],
452 silly audit   got: [ '11.8.6' ],
452 silly audit   'graceful-fs': [ '4.2.11', '4.2.10' ],
452 silly audit   graphemer: [ '1.4.0' ],
452 silly audit   'hard-rejection': [ '2.1.0' ],
452 silly audit   'has-bigints': [ '1.1.0' ],
452 silly audit   'has-flag': [ '4.0.0', '3.0.0' ],
452 silly audit   'has-property-descriptors': [ '1.0.2' ],
452 silly audit   'has-proto': [ '1.2.0' ],
452 silly audit   'has-symbols': [ '1.1.0' ],
452 silly audit   'has-tostringtag': [ '1.0.2' ],
452 silly audit   hasown: [ '2.0.3' ],
452 silly audit   heap: [ '0.2.7' ],
452 silly audit   'hermes-estree': [ '0.29.1', '0.35.0', '0.32.0' ],
452 silly audit   'hermes-parser': [ '0.29.1', '0.35.0', '0.32.0' ],
452 silly audit   'hosted-git-info': [ '7.0.2', '2.8.9' ],
452 silly audit   'hoist-non-react-statics': [ '3.3.2' ],
452 silly audit   'http-cache-semantics': [ '4.2.0' ],
452 silly audit   'http-errors': [ '2.0.1' ],
452 silly audit   'http2-wrapper': [ '1.0.3' ],
452 silly audit   'https-proxy-agent': [ '7.0.6' ],
452 silly audit   'hyphenate-style-name': [ '1.1.0' ],
452 silly audit   'iconv-lite': [ '0.4.24' ],
452 silly audit   idb: [ '7.1.1' ],
452 silly audit   ieee754: [ '1.2.1' ],
452 silly audit   'image-size': [ '1.2.1' ],
452 silly audit   'import-fresh': [ '3.3.1' ],
452 silly audit   'resolve-from': [ '4.0.0', '5.0.0' ],
452 silly audit   'import-local': [ '3.2.0' ],
452 silly audit   imurmurhash: [ '0.1.4' ],
452 silly audit   'indent-string': [ '4.0.0' ],
452 silly audit   inflight: [ '1.0.6' ],
452 silly audit   inherits: [ '2.0.4' ],
452 silly audit   'inline-style-prefixer': [ '7.0.1' ],
452 silly audit   inquirer: [ '7.3.3' ],
452 silly audit   'internal-slot': [ '1.1.0' ],
452 silly audit   interpret: [ '3.1.1' ],
452 silly audit   invariant: [ '2.2.4' ],
452 silly audit   'is-array-buffer': [ '3.0.5' ],
452 silly audit   'is-async-function': [ '2.1.1' ],
452 silly audit   'is-binary-path': [ '2.1.0' ],
452 silly audit   'is-bigint': [ '1.1.0' ],
452 silly audit   'is-boolean-object': [ '1.2.2' ],
452 silly audit   'is-bun-module': [ '2.0.0' ],
452 silly audit   'is-callable': [ '1.2.7' ],
452 silly audit   'is-core-module': [ '2.16.1' ],
452 silly audit   'is-data-view': [ '1.0.2' ],
452 silly audit   'is-date-object': [ '1.1.0' ],
452 silly audit   'is-docker': [ '2.2.1' ],
452 silly audit   'is-finalizationregistry': [ '1.1.1' ],
452 silly audit   'is-extglob': [ '2.1.1' ],
452 silly audit   'is-fullwidth-code-point': [ '3.0.0' ],
452 silly audit   'is-generator-function': [ '1.1.2' ],
452 silly audit   'is-glob': [ '4.0.3' ],
452 silly audit   'is-in-ci': [ '1.0.0' ],
452 silly audit   'is-installed-globally': [ '1.0.0' ],
452 silly audit   'is-interactive': [ '1.0.0' ],
452 silly audit   'is-map': [ '2.0.3' ],
452 silly audit   'is-module': [ '1.0.0' ],
452 silly audit   'is-negative-zero': [ '2.0.3' ],
452 silly audit   'is-npm': [ '6.1.0' ],
452 silly audit   'is-number': [ '7.0.0' ],
452 silly audit   'is-obj': [ '1.0.1' ],
452 silly audit   'is-number-object': [ '1.1.1' ],
452 silly audit   'is-plain-obj': [ '2.1.0', '1.1.0' ],
452 silly audit   'is-plain-object': [ '2.0.4' ],
452 silly audit   'is-regex': [ '1.2.1' ],
452 silly audit   'is-regexp': [ '1.0.0' ],
452 silly audit   'is-set': [ '2.0.3' ],
452 silly audit   'is-shared-array-buffer': [ '1.0.4' ],
452 silly audit   'is-string': [ '1.1.1' ],
452 silly audit   'is-stream': [ '2.0.1' ],
452 silly audit   'is-symbol': [ '1.1.1' ],
452 silly audit   'is-typed-array': [ '1.1.15' ],
452 silly audit   'is-unicode-supported': [ '0.1.0' ],
452 silly audit   'is-weakmap': [ '2.0.2' ],
452 silly audit   'is-weakref': [ '1.1.1' ],
452 silly audit   'is-weakset': [ '2.0.4' ],
452 silly audit   'is-wsl': [ '2.2.0' ],
452 silly audit   isarray: [ '2.0.5' ],
452 silly audit   isexe: [ '2.0.0' ],
452 silly audit   isobject: [ '3.0.1' ],
452 silly audit   'istanbul-lib-coverage': [ '3.2.2' ],
452 silly audit   'istanbul-lib-instrument': [ '5.2.1' ],
452 silly audit   'iterator.prototype': [ '1.1.5' ],
452 silly audit   jackspeak: [ '3.4.3', '4.2.3' ],
452 silly audit   jake: [ '10.9.4' ],
452 silly audit   'jest-environment-node': [ '29.7.0' ],
452 silly audit   'jest-get-type': [ '29.6.3' ],
452 silly audit   'jest-haste-map': [ '29.7.0' ],
452 silly audit   'jest-message-util': [ '29.7.0' ],
452 silly audit   'jest-regex-util': [ '29.6.3' ],
452 silly audit   'jest-mock': [ '29.7.0' ],
452 silly audit   'jest-validate': [ '29.7.0' ],
452 silly audit   'jest-util': [ '29.7.0' ],
452 silly audit   'jest-worker': [ '29.7.0' ],
452 silly audit   'supports-color': [ '8.1.1', '5.5.0', '7.2.0' ],
452 silly audit   'jimp-compact': [ '0.16.1' ],
452 silly audit   'js-tokens': [ '4.0.0' ],
452 silly audit   'js-yaml': [ '4.1.1', '3.14.2' ],
452 silly audit   'jsc-safe-url': [ '0.2.4' ],
452 silly audit   jsesc: [ '3.1.0' ],
452 silly audit   'json-parse-even-better-errors': [ '2.3.1' ],
452 silly audit   'json-buffer': [ '3.0.1' ],
452 silly audit   'json-stable-stringify-without-jsonify': [ '1.0.1' ],
452 silly audit   json5: [ '2.2.3', '1.0.2' ],
452 silly audit   jsonfile: [ '6.2.1' ],
452 silly audit   jsonpointer: [ '5.0.1' ],
452 silly audit   'jsx-ast-utils': [ '3.3.5' ],
452 silly audit   keyv: [ '4.5.4' ],
452 silly audit   'kind-of': [ '6.0.3' ],
452 silly audit   kleur: [ '3.0.3' ],
452 silly audit   'lan-network': [ '0.1.7' ],
452 silly audit   ky: [ '1.14.3' ],
452 silly audit   'latest-version': [ '9.0.0' ],
452 silly audit   leven: [ '3.1.0' ],
452 silly audit   levn: [ '0.4.1' ],
452 silly audit   'lighthouse-logger': [ '1.4.2' ],
452 silly audit   lightningcss: [ '1.32.0' ],
452 silly audit   'lightningcss-linux-x64-gnu': [ '1.32.0' ],
452 silly audit   'lines-and-columns': [ '1.2.4' ],
452 silly audit   lodash: [ '4.18.1' ],
452 silly audit   'lodash.debounce': [ '4.0.8' ],
452 silly audit   'lodash.merge': [ '4.6.2' ],
452 silly audit   'lodash.sortby': [ '4.7.0' ],
452 silly audit   'lodash.throttle': [ '4.1.1' ],
452 silly audit   'log-symbols': [ '2.2.0', '4.1.0' ],
452 silly audit   'loose-envify': [ '1.4.0' ],
452 silly audit   'lowercase-keys': [ '2.0.0' ],
452 silly audit   'magic-string': [ '0.25.9' ],
452 silly audit   makeerror: [ '1.0.12' ],
452 silly audit   marky: [ '1.3.0' ],
452 silly audit   'math-intrinsics': [ '1.1.0' ],
452 silly audit   'memoize-one': [ '5.2.1', '6.0.0' ],
452 silly audit   meow: [ '7.1.1' ],
452 silly audit   'yargs-parser': [ '18.1.3', '21.1.1' ],
452 silly audit   'merge-options': [ '3.0.4' ],
452 silly audit   'merge-stream': [ '2.0.0' ],
452 silly audit   merge2: [ '1.4.1' ],
452 silly audit   metro: [ '0.83.6', '0.83.3' ],
452 silly audit   'metro-babel-transformer': [ '0.83.6', '0.83.3' ],
452 silly audit   'metro-cache': [ '0.83.6', '0.83.3' ],
452 silly audit   'metro-minify-terser': [ '0.83.6', '0.83.3' ],
452 silly audit   'metro-file-map': [ '0.83.6', '0.83.3' ],
452 silly audit   'metro-symbolicate': [ '0.83.6', '0.83.3' ],
452 silly audit   'metro-resolver': [ '0.83.6', '0.83.3' ],
452 silly audit   'metro-transform-plugins': [ '0.83.6', '0.83.3' ],
452 silly audit   'metro-transform-worker': [ '0.83.6', '0.83.3' ],
452 silly audit   ws: [ '7.5.10', '6.2.3', '8.20.0' ],
452 silly audit   'metro-core': [ '0.83.3', '0.83.6' ],
452 silly audit   'metro-cache-key': [ '0.83.6', '0.83.3' ],
452 silly audit   'metro-config': [ '0.83.6', '0.83.3' ],
452 silly audit   'metro-runtime': [ '0.83.6', '0.83.3' ],
452 silly audit   'metro-source-map': [ '0.83.6', '0.83.3' ],
452 silly audit   ob1: [ '0.83.3', '0.83.6' ],
452 silly audit   micromatch: [ '4.0.8' ],
452 silly audit   mime: [ '1.6.0' ],
452 silly audit   'min-indent': [ '1.0.1' ],
452 silly audit   'minimist-options': [ '4.1.0' ],
452 silly audit   minimist: [ '1.2.8' ],
452 silly audit   minizlib: [ '3.1.0' ],
452 silly audit   'mute-stream': [ '0.0.8' ],
452 silly audit   mkdirp: [ '1.0.4' ],
452 silly audit   mz: [ '2.7.0' ],
452 silly audit   nanoid: [ '3.3.11' ],
452 silly audit   'napi-postinstall': [ '0.3.4' ],
452 silly audit   'natural-compare': [ '1.4.0' ],
452 silly audit   'nested-error-stacks': [ '2.0.1' ],
452 silly audit   'node-exports-info': [ '1.6.0' ],
452 silly audit   'node-fetch': [ '2.7.0' ],
452 silly audit   'node-forge': [ '1.4.0' ],
452 silly audit   'node-int64': [ '0.4.0' ],
452 silly audit   'normalize-package-data': [ '2.5.0' ],
452 silly audit   'node-releases': [ '2.0.38' ],
452 silly audit   'normalize-path': [ '3.0.0' ],
452 silly audit   'normalize-url': [ '6.1.0' ],
452 silly audit   'npm-package-arg': [ '11.0.3' ],
452 silly audit   nullthrows: [ '1.1.1' ],
452 silly audit   'object-assign': [ '4.1.1' ],
452 silly audit   'object-inspect': [ '1.13.4' ],
452 silly audit   'object-keys': [ '1.1.1' ],
452 silly audit   'object.assign': [ '4.1.7' ],
452 silly audit   'object.entries': [ '1.1.9' ],
452 silly audit   'object.fromentries': [ '2.0.8' ],
452 silly audit   'object.groupby': [ '1.0.3' ],
452 silly audit   'object.values': [ '1.2.1' ],
452 silly audit   'on-finished': [ '2.3.0', '2.4.1' ],
452 silly audit   'on-headers': [ '1.1.0' ],
452 silly audit   once: [ '1.4.0' ],
452 silly audit   optionator: [ '0.9.4' ],
452 silly audit   ora: [ '3.4.0', '5.4.1' ],
452 silly audit   'os-tmpdir': [ '1.0.2' ],
452 silly audit   'own-keys': [ '1.0.1' ],
452 silly audit   'p-cancelable': [ '2.1.1' ],
452 silly audit   'p-try': [ '2.2.0' ],
452 silly audit   'package-json': [ '10.0.1' ],
452 silly audit   'package-json-from-dist': [ '1.0.1' ],
452 silly audit   'parent-module': [ '1.0.1' ],
452 silly audit   'parse-json': [ '5.2.0' ],
452 silly audit   'parse-png': [ '2.1.0' ],
452 silly audit   parseurl: [ '1.3.3' ],
452 silly audit   slash: [ '3.0.0' ],
452 silly audit   'path-exists': [ '4.0.0', '3.0.0' ],
452 silly audit   'path-key': [ '3.1.1' ],
452 silly audit   'path-is-absolute': [ '1.0.1' ],
452 silly audit   'path-parse': [ '1.0.7' ],
452 silly audit   'path-type': [ '4.0.0' ],
452 silly audit   picocolors: [ '1.1.1' ],
452 silly audit   'pkg-dir': [ '4.2.0' ],
452 silly audit   pirates: [ '4.0.7' ],
452 silly audit   'pkg-up': [ '3.1.0' ],
452 silly audit   plist: [ '3.1.1' ],
452 silly audit   '@xmldom/xmldom': [ '0.9.10', '0.7.13', '0.8.13' ],
452 silly audit   pngjs: [ '3.4.0' ],
452 silly audit   'possible-typed-array-names': [ '1.1.0' ],
452 silly audit   postcss: [ '8.4.49' ],
452 silly audit   'postcss-value-parser': [ '4.2.0' ],
452 silly audit   'prelude-ls': [ '1.2.1' ],
452 silly audit   'pretty-bytes': [ '5.6.0' ],
452 silly audit   'proc-log': [ '4.2.0' ],
452 silly audit   progress: [ '2.0.3' ],
452 silly audit   'pretty-format': [ '29.7.0' ],
452 silly audit   'react-is': [ '18.3.1', '16.13.1', '19.2.5' ],
452 silly audit   prompts: [ '2.4.2' ],
452 silly audit   'prop-types': [ '15.8.1' ],
452 silly audit   'proto-list': [ '1.2.4' ],
452 silly audit   pump: [ '3.0.4' ],
452 silly audit   punycode: [ '2.3.1' ],
452 silly audit   pupa: [ '3.3.0' ],
452 silly audit   'query-string': [ '7.1.3' ],
452 silly audit   'qrcode-terminal': [ '0.11.0' ],
452 silly audit   queue: [ '6.0.2' ],
452 silly audit   'queue-microtask': [ '1.2.3' ],
452 silly audit   'range-parser': [ '1.2.1' ],
452 silly audit   randombytes: [ '2.1.0' ],
452 silly audit   rc: [ '1.2.8' ],
452 silly audit   react: [ '19.1.0' ],
452 silly audit   'react-devtools-core': [ '6.1.5' ],
452 silly audit   'react-dom': [ '19.1.0' ],
452 silly audit   'react-fast-compare': [ '3.2.2' ],
452 silly audit   'react-freeze': [ '1.0.4' ],
452 silly audit   'react-helmet-async': [ '1.3.0' ],
452 silly audit   'react-native': [ '0.81.4' ],
452 silly audit   'react-native-css-interop': [ '0.1.22' ],
452 silly audit   'react-native-drawer-layout': [ '4.2.2' ],
452 silly audit   'react-native-edge-to-edge': [ '1.8.1' ],
452 silly audit   'react-native-gesture-handler': [ '2.31.1' ],
452 silly audit   'react-native-helmet-async': [ '2.0.4' ],
452 silly audit   'react-native-is-edge-to-edge': [ '1.3.1' ],
452 silly audit   'react-native-maps': [ '1.27.2' ],
452 silly audit   'react-native-safe-area-context': [ '5.7.0' ],
452 silly audit   'react-native-screens': [ '4.16.0' ],
452 silly audit   'react-native-url-polyfill': [ '2.0.0' ],
452 silly audit   'react-native-web': [ '0.21.2' ],
452 silly audit   'react-native-webview': [ '13.16.1' ],
452 silly audit   'react-refresh': [ '0.14.2' ],
452 silly audit   'react-router': [ '7.14.2' ],
452 silly audit   'react-router-dom': [ '7.14.2' ],
452 silly audit   'read-pkg': [ '5.2.0' ],
452 silly audit   'read-pkg-up': [ '7.0.1' ],
452 silly audit   'readable-stream': [ '3.6.2' ],
452 silly audit   readdirp: [ '3.6.0' ],
452 silly audit   rechoir: [ '0.8.0' ],
452 silly audit   redent: [ '3.0.0' ],
452 silly audit   'reflect.getprototypeof': [ '1.0.10' ],
452 silly audit   regenerate: [ '1.4.2' ],
452 silly audit   'regenerate-unicode-properties': [ '10.2.2' ],
452 silly audit   'regenerator-runtime': [ '0.13.11' ],
452 silly audit   'regexp.prototype.flags': [ '1.5.4' ],
452 silly audit   'regexpu-core': [ '6.4.0' ],
452 silly audit   'registry-auth-token': [ '5.1.1' ],
452 silly audit   'registry-url': [ '6.0.1' ],
452 silly audit   regjsgen: [ '0.8.0' ],
452 silly audit   regjsparser: [ '0.13.1' ],
452 silly audit   'require-directory': [ '2.1.1' ],
452 silly audit   requireg: [ '0.2.2' ],
452 silly audit   reselect: [ '4.1.8' ],
452 silly audit   'require-from-string': [ '2.0.2' ],
452 silly audit   'resolve-alpn': [ '1.2.1' ],
452 silly audit   'resolve-cwd': [ '3.0.0' ],
452 silly audit   'resolve-pkg-maps': [ '1.0.0' ],
452 silly audit   'resolve-workspace-root': [ '2.0.1' ],
452 silly audit   'resolve.exports': [ '2.0.3' ],
452 silly audit   responselike: [ '2.0.1' ],
452 silly audit   reusify: [ '1.1.0' ],
452 silly audit   rimraf: [ '3.0.2' ],
452 silly audit   'run-async': [ '2.4.1' ],
452 silly audit   rollup: [ '2.80.0' ],
452 silly audit   'run-parallel': [ '1.2.0' ],
452 silly audit   rxjs: [ '6.6.7' ],
452 silly audit   tslib: [ '1.14.1', '2.8.1' ],
452 silly audit   'safe-array-concat': [ '1.1.4' ],
452 silly audit   'safe-buffer': [ '5.2.1' ],
452 silly audit   'safe-push-apply': [ '1.0.0' ],
452 silly audit   'safe-regex-test': [ '1.1.0' ],
452 silly audit   sax: [ '1.6.0' ],
452 silly audit   'safer-buffer': [ '2.1.2' ],
452 silly audit   scheduler: [ '0.26.0' ],
452 silly audit   'schema-utils': [ '4.3.3' ],
452 silly audit   send: [ '0.19.2' ],
452 silly audit   'serialize-error': [ '2.1.0' ],
452 silly audit   'serialize-javascript': [ '6.0.2' ],
452 silly audit   'serve-static': [ '1.16.3' ],
452 silly audit   'server-only': [ '0.0.1' ],
452 silly audit   'set-cookie-parser': [ '2.7.2' ],
452 silly audit   'set-function-length': [ '1.2.2' ],
452 silly audit   'set-function-name': [ '2.0.2' ],
452 silly audit   'set-proto': [ '1.0.0' ],
452 silly audit   setimmediate: [ '1.0.5' ],
452 silly audit   'sf-symbols-typescript': [ '2.2.0' ],
452 silly audit   setprototypeof: [ '1.2.0' ],
452 silly audit   'shallow-clone': [ '3.0.1' ],
452 silly audit   shallowequal: [ '1.1.0' ],
452 silly audit   'shebang-command': [ '2.0.0' ],
452 silly audit   'shebang-regex': [ '3.0.0' ],
452 silly audit   'shell-quote': [ '1.8.3' ],
452 silly audit   'side-channel': [ '1.1.0' ],
452 silly audit   'side-channel-list': [ '1.0.1' ],
452 silly audit   'side-channel-map': [ '1.0.1' ],
452 silly audit   'side-channel-weakmap': [ '1.0.2' ],
452 silly audit   'simple-plist': [ '1.3.1' ],
452 silly audit   'simple-swizzle': [ '0.2.4' ],
452 silly audit   sisteransi: [ '1.0.5' ],
452 silly audit   slugify: [ '1.6.9' ],
452 silly audit   smob: [ '1.6.1' ],
452 silly audit   'source-map': [ '0.5.7', '0.6.1', '0.8.0-beta.0' ],
452 silly audit   'source-list-map': [ '2.0.1' ],
452 silly audit   'source-map-js': [ '1.2.1' ],
452 silly audit   'source-map-support': [ '0.5.21' ],
452 silly audit   'spdx-correct': [ '3.2.0' ],
452 silly audit   'sourcemap-codec': [ '1.4.8' ],
452 silly audit   'spdx-expression-parse': [ '3.0.1' ],
452 silly audit   'spdx-exceptions': [ '2.5.0' ],
452 silly audit   'spdx-license-ids': [ '3.0.23' ],
452 silly audit   'split-on-first': [ '1.1.0' ],
452 silly audit   'sprintf-js': [ '1.0.3' ],
452 silly audit   'stable-hash': [ '0.0.5' ],
452 silly audit   'stack-utils': [ '2.0.6' ],
452 silly audit   stackframe: [ '1.3.4' ],
452 silly audit   'stacktrace-parser': [ '0.1.11' ],
452 silly audit   'stop-iteration-iterator': [ '1.1.0' ],
452 silly audit   'strict-uri-encode': [ '2.0.0' ],
452 silly audit   'stream-buffers': [ '2.2.0' ],
452 silly audit   'string.prototype.matchall': [ '4.0.12' ],
452 silly audit   'string.prototype.repeat': [ '1.0.0' ],
452 silly audit   'string.prototype.trim': [ '1.2.10' ],
452 silly audit   'string.prototype.trimend': [ '1.0.9' ],
452 silly audit   'string.prototype.trimstart': [ '1.0.8' ],
452 silly audit   string_decoder: [ '1.3.0' ],
452 silly audit   'stringify-object': [ '3.3.0' ],
452 silly audit   'strip-bom': [ '3.0.0' ],
452 silly audit   'strip-comments': [ '2.0.1' ],
452 silly audit   'strip-indent': [ '3.0.0' ],
452 silly audit   'strip-json-comments': [ '2.0.1', '3.1.1' ],
452 silly audit   'stubborn-fs': [ '2.0.0' ],
452 silly audit   'structured-headers': [ '0.4.1' ],
452 silly audit   'stubborn-utils': [ '1.0.2' ],
452 silly audit   styleq: [ '0.1.3' ],
452 silly audit   sucrase: [ '3.35.1' ],
452 silly audit   'supports-hyperlinks': [ '2.3.0' ],
452 silly audit   'supports-preserve-symlinks-flag': [ '1.0.0' ],
452 silly audit   tar: [ '7.5.13' ],
452 silly audit   yallist: [ '5.0.0', '3.1.1' ],
452 silly audit   'temp-dir': [ '2.0.0' ],
452 silly audit   'terminal-link': [ '2.1.1' ],
452 silly audit   tempy: [ '0.6.0' ],
452 silly audit   terser: [ '5.46.2' ],
452 silly audit   'text-table': [ '0.2.0' ],
452 silly audit   'test-exclude': [ '6.0.0' ],
452 silly audit   'thenify-all': [ '1.6.0' ],
452 silly audit   thenify: [ '3.3.1' ],
452 silly audit   throat: [ '5.0.0' ],
452 silly audit   through: [ '2.3.8' ],
452 silly audit   tinyglobby: [ '0.2.16' ],
452 silly audit   tmpl: [ '1.0.5' ],
452 silly audit   'to-regex-range': [ '5.0.1' ],
452 silly audit   toidentifier: [ '1.0.1' ],
452 silly audit   tr46: [ '0.0.3', '1.0.1' ],
452 silly audit   'trim-newlines': [ '3.0.1' ],
452 silly audit   'ts-interface-checker': [ '0.1.13' ],
452 silly audit   'tsconfig-paths': [ '3.15.0' ],
452 silly audit   'type-check': [ '0.4.0' ],
452 silly audit   'type-detect': [ '4.0.8' ],
452 silly audit   'typed-array-buffer': [ '1.0.3' ],
452 silly audit   'typed-array-byte-length': [ '1.0.3' ],
452 silly audit   'typed-array-length': [ '1.0.7' ],
452 silly audit   'typed-array-byte-offset': [ '1.0.4' ],
452 silly audit   typescript: [ '5.9.3' ],
452 silly audit   'ua-parser-js': [ '1.0.41' ],
452 silly audit   'unbox-primitive': [ '1.1.0' ],
452 silly audit   undici: [ '6.25.0' ],
452 silly audit   'undici-types': [ '7.19.2' ],
452 silly audit   'unicode-canonical-property-names-ecmascript': [ '2.0.1' ],
452 silly audit   'unicode-match-property-ecmascript': [ '2.0.0' ],
452 silly audit   'unicode-match-property-value-ecmascript': [ '2.2.1' ],
452 silly audit   'unicode-property-aliases-ecmascript': [ '2.2.0' ],
452 silly audit   'unique-string': [ '2.0.0' ],
452 silly audit   universalify: [ '2.0.1' ],
452 silly audit   'unrs-resolver': [ '1.11.1' ],
452 silly audit   unpipe: [ '1.0.0' ],
452 silly audit   'update-browserslist-db': [ '1.2.3' ],
452 silly audit   upath: [ '1.2.0' ],
452 silly audit   'update-notifier': [ '7.3.1' ],
452 silly audit   'uri-js': [ '4.4.1' ],
452 silly audit   'use-latest-callback': [ '0.2.6' ],
452 silly audit   'use-sync-external-store': [ '1.6.0' ],
452 silly audit   'util-deprecate': [ '1.0.2' ],
452 silly audit   'utils-merge': [ '1.0.1' ],
452 silly audit   uuid: [ '8.3.2', '7.0.3', '3.4.0' ],
452 silly audit   'validate-npm-package-license': [ '3.0.4' ],
452 silly audit   'validate-npm-package-name': [ '5.0.1' ],
452 silly audit   vary: [ '1.1.2' ],
452 silly audit   vlq: [ '1.0.1' ],
452 silly audit   walker: [ '1.0.8' ],
452 silly audit   'warn-once': [ '0.1.1' ],
452 silly audit   wcwidth: [ '1.0.1' ],
452 silly audit   'webidl-conversions': [ '5.0.0', '3.0.1', '4.0.2' ],
452 silly audit   'webpack-cli': [ '6.0.1' ],
452 silly audit   'webpack-merge': [ '6.0.1' ],
452 silly audit   'webpack-sources': [ '1.4.3' ],
452 silly audit   'whatwg-fetch': [ '3.6.20' ],
452 silly audit   'whatwg-url': [ '5.0.0', '7.1.0' ],
452 silly audit   'whatwg-url-without-unicode': [ '8.0.0-3' ],
452 silly audit   which: [ '2.0.2' ],
452 silly audit   'when-exit': [ '2.1.5' ],
452 silly audit   'which-boxed-primitive': [ '1.1.1' ],
452 silly audit   'which-builtin-type': [ '1.2.1' ],
452 silly audit   'which-typed-array': [ '1.1.20' ],
452 silly audit   'which-collection': [ '1.0.2' ],
452 silly audit   'widest-line': [ '5.0.0' ],
452 silly audit   wildcard: [ '2.0.1' ],
452 silly audit   wonka: [ '6.3.6' ],
452 silly audit   'word-wrap': [ '1.2.5' ],
452 silly audit   'workbox-background-sync': [ '7.4.0' ],
452 silly audit   'workbox-broadcast-update': [ '7.4.0' ],
452 silly audit   'workbox-build': [ '7.4.0' ],
452 silly audit   '@isaacs/cliui': [ '9.0.0', '8.0.2' ],
452 silly audit   'workbox-cacheable-response': [ '7.4.0' ],
452 silly audit   'workbox-cli': [ '7.4.0' ],
452 silly audit   'workbox-core': [ '7.4.0' ],
452 silly audit   'workbox-expiration': [ '7.4.0' ],
452 silly audit   'workbox-google-analytics': [ '7.4.0' ],
452 silly audit   'workbox-precaching': [ '7.4.0' ],
452 silly audit   'workbox-navigation-preload': [ '7.4.0' ],
452 silly audit   'workbox-range-requests': [ '7.4.0' ],
452 silly audit   'workbox-recipes': [ '7.4.0' ],
452 silly audit   'workbox-routing': [ '7.4.0' ],
452 silly audit   'workbox-streams': [ '7.4.0' ],
452 silly audit   'workbox-strategies': [ '7.4.0' ],
452 silly audit   'workbox-webpack-plugin': [ '7.4.0' ],
452 silly audit   'workbox-sw': [ '7.4.0' ],
452 silly audit   'workbox-window': [ '7.4.0' ],
452 silly audit   wrappy: [ '1.0.2' ],
452 silly audit   'write-file-atomic': [ '4.0.2' ],
452 silly audit   xcode: [ '3.0.1' ],
452 silly audit   'xdg-basedir': [ '5.1.0' ],
452 silly audit   xml2js: [ '0.6.0' ],
452 silly audit   xmlbuilder: [ '11.0.1', '15.1.1', '14.0.0' ],
452 silly audit   y18n: [ '5.0.8' ],
452 silly audit   yaml: [ '2.8.3', '1.10.3' ],
452 silly audit   yargs: [ '17.7.2' ],
452 silly audit   'yocto-queue': [ '0.1.0' ],
452 silly audit   '@0no-co/graphql.web': [ '1.2.0' ],
452 silly audit   '@apideck/better-ajv-errors': [ '0.3.7' ],
452 silly audit   '@babel/compat-data': [ '7.29.0' ],
452 silly audit   '@babel/code-frame': [ '7.29.0', '7.10.4' ],
452 silly audit   '@babel/generator': [ '7.29.1' ],
452 silly audit   '@babel/helper-annotate-as-pure': [ '7.27.3' ],
452 silly audit   '@babel/core': [ '7.29.0' ],
452 silly audit   '@babel/helper-compilation-targets': [ '7.28.6' ],
452 silly audit   '@babel/helper-create-regexp-features-plugin': [ '7.28.5' ],
452 silly audit   '@babel/helper-create-class-features-plugin': [ '7.28.6' ],
452 silly audit   '@babel/helper-define-polyfill-provider': [ '0.6.8' ],
452 silly audit   '@babel/helper-member-expression-to-functions': [ '7.28.5' ],
452 silly audit   '@babel/helper-globals': [ '7.28.0' ],
452 silly audit   '@babel/helper-module-imports': [ '7.28.6' ],
452 silly audit   '@babel/helper-module-transforms': [ '7.28.6' ],
452 silly audit   '@babel/helper-optimise-call-expression': [ '7.27.1' ],
452 silly audit   '@babel/helper-plugin-utils': [ '7.28.6' ],
452 silly audit   '@babel/helper-remap-async-to-generator': [ '7.27.1' ],
452 silly audit   '@babel/helper-replace-supers': [ '7.28.6' ],
452 silly audit   '@babel/helper-skip-transparent-expression-wrappers': [ '7.27.1' ],
452 silly audit   '@babel/helper-string-parser': [ '7.27.1' ],
452 silly audit   '@babel/helper-validator-option': [ '7.27.1' ],
452 silly audit   '@babel/helper-validator-identifier': [ '7.28.5' ],
452 silly audit   '@babel/helper-wrap-function': [ '7.28.6' ],
452 silly audit   '@babel/helpers': [ '7.29.2' ],
452 silly audit   '@babel/highlight': [ '7.25.9' ],
452 silly audit   '@babel/parser': [ '7.29.2' ],
452 silly audit   '@babel/plugin-bugfix-firefox-class-in-computed-class-key': [ '7.28.5' ],
452 silly audit   '@babel/plugin-bugfix-safari-class-field-initializer-scope': [ '7.27.1' ],
452 silly audit   '@babel/plugin-bugfix-safari-id-destructuring-collision-in-function-expression': [ '7.27.1' ],
452 silly audit   '@babel/plugin-bugfix-v8-spread-parameters-in-optional-chaining': [ '7.27.1' ],
452 silly audit   '@babel/plugin-proposal-export-default-from': [ '7.27.1' ],
452 silly audit   '@babel/plugin-bugfix-v8-static-class-fields-redefine-readonly': [ '7.28.6' ],
452 silly audit   '@babel/plugin-proposal-decorators': [ '7.29.0' ],
452 silly audit   '@babel/plugin-proposal-export-namespace-from': [ '7.18.9' ],
452 silly audit   '@babel/plugin-proposal-private-property-in-object': [ '7.21.0-placeholder-for-preset-env.2' ],
452 silly audit   '@babel/plugin-syntax-async-generators': [ '7.8.4' ],
452 silly audit   '@babel/plugin-syntax-bigint': [ '7.8.3' ],
452 silly audit   '@babel/plugin-syntax-class-properties': [ '7.12.13' ],
452 silly audit   '@babel/plugin-syntax-class-static-block': [ '7.14.5' ],
452 silly audit   '@babel/plugin-syntax-decorators': [ '7.28.6' ],
452 silly audit   '@babel/plugin-syntax-dynamic-import': [ '7.8.3' ],
452 silly audit   '@babel/plugin-syntax-export-default-from': [ '7.28.6' ],
452 silly audit   '@babel/plugin-syntax-export-namespace-from': [ '7.8.3' ],
452 silly audit   '@babel/plugin-syntax-flow': [ '7.28.6' ],
452 silly audit   '@babel/plugin-syntax-import-attributes': [ '7.28.6' ],
452 silly audit   '@babel/plugin-syntax-import-assertions': [ '7.28.6' ],
452 silly audit   '@babel/plugin-syntax-import-meta': [ '7.10.4' ],
452 silly audit   '@babel/plugin-syntax-jsx': [ '7.28.6' ],
452 silly audit   '@babel/plugin-syntax-json-strings': [ '7.8.3' ],
452 silly audit   '@babel/plugin-syntax-logical-assignment-operators': [ '7.10.4' ],
452 silly audit   '@babel/plugin-syntax-numeric-separator': [ '7.10.4' ],
452 silly audit   '@babel/plugin-syntax-nullish-coalescing-operator': [ '7.8.3' ],
452 silly audit   '@babel/plugin-syntax-object-rest-spread': [ '7.8.3' ],
452 silly audit   '@babel/plugin-syntax-optional-chaining': [ '7.8.3' ],
452 silly audit   '@babel/plugin-syntax-optional-catch-binding': [ '7.8.3' ],
452 silly audit   '@babel/plugin-syntax-private-property-in-object': [ '7.14.5' ],
452 silly audit   '@babel/plugin-syntax-top-level-await': [ '7.14.5' ],
452 silly audit   '@babel/plugin-syntax-typescript': [ '7.28.6' ],
452 silly audit   '@babel/plugin-syntax-unicode-sets-regex': [ '7.18.6' ],
452 silly audit   '@babel/plugin-transform-arrow-functions': [ '7.27.1' ],
452 silly audit   '@babel/plugin-transform-async-generator-functions': [ '7.29.0' ],
452 silly audit   '@babel/plugin-transform-async-to-generator': [ '7.28.6' ],
452 silly audit   '@babel/plugin-transform-block-scoped-functions': [ '7.27.1' ],
452 silly audit   '@babel/plugin-transform-block-scoping': [ '7.28.6' ],
452 silly audit   '@babel/plugin-transform-class-properties': [ '7.28.6' ],
452 silly audit   '@babel/plugin-transform-class-static-block': [ '7.28.6' ],
452 silly audit   '@babel/plugin-transform-classes': [ '7.28.6' ],
452 silly audit   '@babel/plugin-transform-computed-properties': [ '7.28.6' ],
452 silly audit   '@babel/plugin-transform-dotall-regex': [ '7.28.6' ],
452 silly audit   '@babel/plugin-transform-destructuring': [ '7.28.5' ],
452 silly audit   '@babel/plugin-transform-duplicate-named-capturing-groups-regex': [ '7.29.0' ],
452 silly audit   '@babel/plugin-transform-duplicate-keys': [ '7.27.1' ],
452 silly audit   '@babel/plugin-transform-exponentiation-operator': [ '7.28.6' ],
452 silly audit   '@babel/plugin-transform-explicit-resource-management': [ '7.28.6' ],
452 silly audit   '@babel/plugin-transform-dynamic-import': [ '7.27.1' ],
452 silly audit   '@babel/plugin-transform-flow-strip-types': [ '7.27.1' ],
452 silly audit   '@babel/plugin-transform-for-of': [ '7.27.1' ],
452 silly audit   '@babel/plugin-transform-export-namespace-from': [ '7.27.1' ],
452 silly audit   '@babel/plugin-transform-json-strings': [ '7.28.6' ],
452 silly audit   '@babel/plugin-transform-literals': [ '7.27.1' ],
452 silly audit   '@babel/plugin-transform-function-name': [ '7.27.1' ],
452 silly audit   '@babel/plugin-transform-logical-assignment-operators': [ '7.28.6' ],
452 silly audit   '@babel/plugin-transform-member-expression-literals': [ '7.27.1' ],
452 silly audit   '@babel/plugin-transform-modules-commonjs': [ '7.28.6' ],
452 silly audit   '@babel/plugin-transform-modules-amd': [ '7.27.1' ],
452 silly audit   '@babel/plugin-transform-modules-systemjs': [ '7.29.0' ],
452 silly audit   '@babel/plugin-transform-modules-umd': [ '7.27.1' ],
452 silly audit   '@babel/plugin-transform-new-target': [ '7.27.1' ],
452 silly audit   '@babel/plugin-transform-named-capturing-groups-regex': [ '7.29.0' ],
452 silly audit   '@babel/plugin-transform-nullish-coalescing-operator': [ '7.28.6' ],
452 silly audit   '@babel/plugin-transform-numeric-separator': [ '7.28.6' ],
452 silly audit   '@babel/plugin-transform-object-super': [ '7.27.1' ],
452 silly audit   '@babel/plugin-transform-optional-catch-binding': [ '7.28.6' ],
452 silly audit   '@babel/plugin-transform-object-rest-spread': [ '7.28.6' ],
452 silly audit   '@babel/plugin-transform-optional-chaining': [ '7.28.6' ],
452 silly audit   '@babel/plugin-transform-parameters': [ '7.27.7' ],
452 silly audit   '@babel/plugin-transform-private-methods': [ '7.28.6' ],
452 silly audit   '@babel/plugin-transform-private-property-in-object': [ '7.28.6' ],
452 silly audit   '@babel/plugin-transform-react-jsx': [ '7.28.6' ],
452 silly audit   '@babel/plugin-transform-property-literals': [ '7.27.1' ],
452 silly audit   '@babel/plugin-transform-react-jsx-development': [ '7.27.1' ],
452 silly audit   '@babel/plugin-transform-react-display-name': [ '7.28.0' ],
452 silly audit   '@babel/plugin-transform-react-pure-annotations': [ '7.27.1' ],
452 silly audit   '@babel/plugin-transform-react-jsx-source': [ '7.27.1' ],
452 silly audit   '@babel/plugin-transform-react-jsx-self': [ '7.27.1' ],
452 silly audit   '@babel/plugin-transform-regenerator': [ '7.29.0' ],
452 silly audit   '@babel/plugin-transform-runtime': [ '7.29.0' ],
452 silly audit   '@babel/plugin-transform-regexp-modifiers': [ '7.28.6' ],
452 silly audit   '@babel/plugin-transform-shorthand-properties': [ '7.27.1' ],
452 silly audit   '@babel/plugin-transform-reserved-words': [ '7.27.1' ],
452 silly audit   '@babel/plugin-transform-sticky-regex': [ '7.27.1' ],
452 silly audit   '@babel/plugin-transform-template-literals': [ '7.27.1' ],
452 silly audit   '@babel/plugin-transform-spread': [ '7.28.6' ],
452 silly audit   '@babel/plugin-transform-typeof-symbol': [ '7.27.1' ],
452 silly audit   '@babel/plugin-transform-typescript': [ '7.28.6' ],
452 silly audit   '@babel/plugin-transform-unicode-property-regex': [ '7.28.6' ],
452 silly audit   '@babel/plugin-transform-unicode-regex': [ '7.27.1' ],
452 silly audit   '@babel/plugin-transform-unicode-escapes': [ '7.27.1' ],
452 silly audit   '@babel/plugin-transform-unicode-sets-regex': [ '7.28.6' ],
452 silly audit   '@babel/preset-env': [ '7.29.2' ],
452 silly audit   '@babel/preset-modules': [ '0.1.6-no-external-plugins' ],
452 silly audit   '@babel/preset-typescript': [ '7.28.5' ],
452 silly audit   '@babel/preset-react': [ '7.28.5' ],
452 silly audit   '@babel/template': [ '7.28.6' ],
452 silly audit   '@babel/traverse': [ '7.29.0' ],
452 silly audit   '@babel/runtime': [ '7.29.2' ],
452 silly audit   '@babel/types': [ '7.29.0' ],
452 silly audit   '@bacons/apple-targets': [ '3.0.7' ],
452 silly audit   '@bacons/xcode': [ '1.0.0-alpha.27' ],
452 silly audit   '@expo/plist': [ '0.0.18', '0.4.8' ],
452 silly audit   '@egjs/hammerjs': [ '2.0.17' ],
452 silly audit   '@discoveryjs/json-ext': [ '0.6.3' ],
452 silly audit   '@eslint/eslintrc': [ '2.1.4', '3.3.5' ],
452 silly audit   '@eslint-community/eslint-utils': [ '4.9.1' ],
452 silly audit   '@eslint-community/regexpp': [ '4.12.2' ],
452 silly audit   '@expo/code-signing-certificates': [ '0.0.6' ],
452 silly audit   '@expo/cli': [ '54.0.23' ],
452 silly audit   '@react-native/debugger-frontend': [ '0.81.5', '0.81.4' ],
452 silly audit   '@react-native/dev-middleware': [ '0.81.5', '0.81.4' ],
452 silly audit   '@expo/config': [ '12.0.13' ],
452 silly audit   '@expo/config-types': [ '54.0.10' ],
452 silly audit   '@expo/config-plugins': [ '54.0.4' ],
452 silly audit   '@expo/devcert': [ '1.2.1' ],
452 silly audit   '@expo/env': [ '2.0.11' ],
452 silly audit   '@expo/devtools': [ '0.1.8' ],
452 silly audit   '@expo/fingerprint': [ '0.15.4' ],
452 silly audit   '@expo/json-file': [ '10.0.13' ],
452 silly audit   '@expo/image-utils': [ '0.8.13' ],
452 silly audit   '@expo/metro': [ '54.2.0' ],
452 silly audit   '@expo/metro-config': [ '54.0.14' ],
452 silly audit   '@expo/osascript': [ '2.4.2' ],
452 silly audit   '@expo/ngrok-bin': [ '2.3.42' ],
452 silly audit   '@expo/ngrok': [ '4.1.3' ],
452 silly audit   '@expo/ngrok-bin-linux-x64': [ '2.3.41' ],
452 silly audit   '@expo/package-manager': [ '1.10.4' ],
452 silly audit   '@expo/require-utils': [ '55.0.4' ],
452 silly audit   '@expo/schema-utils': [ '0.1.8' ],
452 silly audit   '@expo/sdk-runtime-versions': [ '1.0.0' ],
452 silly audit   '@expo/server': [ '0.5.3' ],
452 silly audit   '@expo/prebuild-config': [ '54.0.8' ],
452 silly audit   '@expo/spawn-async': [ '1.7.2' ],
452 silly audit   '@expo/sudo-prompt': [ '9.3.2' ],
452 silly audit   '@expo/vector-icons': [ '15.1.1' ],
452 silly audit   '@expo/ws-tunnel': [ '1.0.6' ],
452 silly audit   '@expo/xcpretty': [ '4.4.3' ],
452 silly audit   '@expo-google-fonts/big-shoulders-stencil': [ '0.4.1' ],
452 silly audit   '@humanwhocodes/config-array': [ '0.13.0' ],
452 silly audit   '@humanwhocodes/module-importer': [ '1.0.1' ],
452 silly audit   '@humanwhocodes/object-schema': [ '2.0.3' ],
452 silly audit   '@isaacs/ttlcache': [ '1.4.1' ],
452 silly audit   '@istanbuljs/schema': [ '0.1.6' ],
452 silly audit   '@isaacs/fs-minipass': [ '4.0.1' ],
452 silly audit   '@istanbuljs/load-nyc-config': [ '1.1.0' ],
452 silly audit   '@jest/create-cache-key-function': [ '29.7.0' ],
452 silly audit   '@jest/schemas': [ '29.6.3' ],
452 silly audit   '@jest/fake-timers': [ '29.7.0' ],
452 silly audit   '@jest/environment': [ '29.7.0' ],
452 silly audit   '@jridgewell/gen-mapping': [ '0.3.13' ],
452 silly audit   '@jest/types': [ '29.6.3' ],
452 silly audit   '@jridgewell/remapping': [ '2.3.5' ],
452 silly audit   '@jest/transform': [ '29.7.0' ],
452 silly audit   '@jridgewell/resolve-uri': [ '3.1.2' ],
452 silly audit   '@jridgewell/source-map': [ '0.3.11' ],
452 silly audit   '@jridgewell/trace-mapping': [ '0.3.31' ],
452 silly audit   '@jridgewell/sourcemap-codec': [ '1.5.5' ],
452 silly audit   '@nolyfill/is-core-module': [ '1.0.39' ],
452 silly audit   '@nodelib/fs.stat': [ '2.0.5' ],
452 silly audit   '@pkgjs/parseargs': [ '0.11.0' ],
452 silly audit   '@nodelib/fs.scandir': [ '2.1.5' ],
452 silly audit   '@pnpm/npm-conf': [ '3.0.2' ],
452 silly audit   '@nodelib/fs.walk': [ '1.2.8' ],
452 silly audit   '@radix-ui/react-compose-refs': [ '1.0.0' ],
452 silly audit   '@pnpm/config.env-replace': [ '1.1.0' ],
452 silly audit   '@pnpm/network.ca-file': [ '1.0.2' ],
452 silly audit   '@radix-ui/react-slot': [ '1.0.1' ],
452 silly audit   '@react-native/assets-registry': [ '0.81.4' ],
452 silly audit   '@react-native/codegen': [ '0.81.4', '0.81.5' ],
452 silly audit   '@react-native/babel-preset': [ '0.81.5' ],
452 silly audit   '@react-native/babel-plugin-codegen': [ '0.81.5' ],
452 silly audit   '@react-native/community-cli-plugin': [ '0.81.4' ],
452 silly audit   '@react-native/gradle-plugin': [ '0.81.4' ],
452 silly audit   '@react-native/js-polyfills': [ '0.81.4' ],
452 silly audit   '@react-native/virtualized-lists': [ '0.81.4' ],
452 silly audit   '@react-navigation/bottom-tabs': [ '7.15.10' ],
452 silly audit   '@react-native-community/datetimepicker': [ '8.6.0' ],
452 silly audit   '@react-native-async-storage/async-storage': [ '1.24.0' ],
452 silly audit   '@react-navigation/native': [ '7.2.2' ],
452 silly audit   '@react-navigation/drawer': [ '7.9.9' ],
452 silly audit   '@react-navigation/core': [ '7.17.2' ],
452 silly audit   '@react-navigation/routers': [ '7.5.3' ],
452 silly audit   '@react-navigation/elements': [ '2.9.15' ],
452 silly audit   '@react-navigation/native-stack': [ '7.14.12' ],
452 silly audit   '@rollup/plugin-babel': [ '5.3.1' ],
452 silly audit   '@rollup/plugin-node-resolve': [ '15.3.1' ],
452 silly audit   '@rollup/pluginutils': [ '5.3.0', '3.1.0' ],
452 silly audit   '@types/estree': [ '0.0.39', '1.0.8' ],
452 silly audit   '@rollup/plugin-terser': [ '0.4.4' ],
452 silly audit   '@rollup/plugin-replace': [ '2.4.2' ],
452 silly audit   '@sindresorhus/is': [ '4.6.0' ],
452 silly audit   '@sinclair/typebox': [ '0.27.10' ],
452 silly audit   '@rtsao/scc': [ '1.1.0' ],
452 silly audit   '@surma/rollup-plugin-off-main-thread': [ '2.2.3' ],
452 silly audit   '@sinonjs/fake-timers': [ '10.3.0' ],
452 silly audit   '@sinonjs/commons': [ '3.0.1' ],
452 silly audit   '@types/babel__generator': [ '7.27.0' ],
452 silly audit   '@types/babel__core': [ '7.20.5' ],
452 silly audit   '@szmarczak/http-timer': [ '4.0.6' ],
452 silly audit   '@types/babel__template': [ '7.4.4' ],
452 silly audit   '@types/difflib': [ '0.2.7' ],
452 silly audit   '@types/cacheable-request': [ '6.0.3' ],
452 silly audit   '@types/babel__traverse': [ '7.28.0' ],
452 silly audit   '@types/http-cache-semantics': [ '4.2.0' ],
452 silly audit   '@types/graceful-fs': [ '4.1.9' ],
452 silly audit   '@types/geojson': [ '7946.0.16' ],
452 silly audit   '@types/hammerjs': [ '2.0.46' ],
452 silly audit   '@types/istanbul-lib-report': [ '3.0.3' ],
452 silly audit   '@types/istanbul-lib-coverage': [ '2.0.6' ],
452 silly audit   '@types/istanbul-reports': [ '3.0.4' ],
452 silly audit   '@types/keyv': [ '3.1.4' ],
452 silly audit   '@types/json5': [ '0.0.29' ],
452 silly audit   '@types/json-schema': [ '7.0.15' ],
452 silly audit   '@types/node': [ '25.6.0' ],
452 silly audit   '@types/minimist': [ '1.2.5' ],
452 silly audit   '@types/normalize-package-data': [ '2.4.4' ],
452 silly audit   '@types/resolve': [ '1.20.2' ],
452 silly audit   '@types/react-test-renderer': [ '19.1.0' ],
452 silly audit   '@types/react': [ '19.1.17' ],
452 silly audit   '@types/stack-utils': [ '2.0.3' ],
452 silly audit   '@types/responselike': [ '1.0.3' ],
452 silly audit   '@types/semver': [ '7.7.1' ],
452 silly audit   '@types/yargs-parser': [ '21.0.3' ],
452 silly audit   '@types/yargs': [ '17.0.35' ],
452 silly audit   '@types/trusted-types': [ '2.0.7' ],
452 silly audit   '@typescript-eslint/project-service': [ '8.59.0' ],
452 silly audit   '@typescript-eslint/types': [ '6.21.0', '8.59.0' ],
452 silly audit   '@typescript-eslint/utils': [ '6.21.0', '8.59.0' ],
452 silly audit   '@typescript-eslint/tsconfig-utils': [ '8.59.0' ],
452 silly audit   '@urql/exchange-retry': [ '1.3.2' ],
452 silly audit   '@ungap/structured-clone': [ '1.3.0' ],
452 silly audit   '@unrs/resolver-binding-linux-x64-gnu': [ '1.11.1' ],
452 silly audit   '@urql/core': [ '5.2.0' ],
452 silly audit   '@webpack-cli/configtest': [ '3.0.1' ],
452 silly audit   '@webpack-cli/serve': [ '3.0.1' ],
452 silly audit   '@webpack-cli/info': [ '3.0.1' ],
452 silly audit   '@expo/ngrok-bin-darwin-arm64': [ '2.3.41' ],
452 silly audit   '@expo/ngrok-bin-darwin-x64': [ '2.3.41' ],
452 silly audit   '@expo/ngrok-bin-freebsd-ia32': [ '2.3.41' ],
452 silly audit   '@expo/ngrok-bin-freebsd-x64': [ '2.3.41' ],
452 silly audit   '@expo/ngrok-bin-linux-arm': [ '2.3.41' ],
452 silly audit   '@expo/ngrok-bin-linux-arm64': [ '2.3.41' ],
452 silly audit   '@expo/ngrok-bin-linux-ia32': [ '2.3.41' ],
452 silly audit   '@expo/ngrok-bin-sunos-x64': [ '2.3.41' ],
452 silly audit   '@expo/ngrok-bin-win32-ia32': [ '2.3.41' ],
452 silly audit   '@expo/ngrok-bin-win32-x64': [ '2.3.41' ],
452 silly audit   fsevents: [ '2.3.3' ],
452 silly audit   'lightningcss-android-arm64': [ '1.32.0' ],
452 silly audit   'lightningcss-darwin-arm64': [ '1.32.0' ],
452 silly audit   'lightningcss-darwin-x64': [ '1.32.0' ],
452 silly audit   'lightningcss-freebsd-x64': [ '1.32.0' ],
452 silly audit   'lightningcss-linux-arm-gnueabihf': [ '1.32.0' ],
452 silly audit   'lightningcss-linux-arm64-gnu': [ '1.32.0' ],
452 silly audit   'lightningcss-linux-arm64-musl': [ '1.32.0' ],
452 silly audit   'lightningcss-linux-x64-musl': [ '1.32.0' ],
452 silly audit   'lightningcss-win32-arm64-msvc': [ '1.32.0' ],
452 silly audit   'lightningcss-win32-x64-msvc': [ '1.32.0' ],
452 silly audit   '@unrs/resolver-binding-android-arm-eabi': [ '1.11.1' ],
452 silly audit   '@unrs/resolver-binding-android-arm64': [ '1.11.1' ],
452 silly audit   '@unrs/resolver-binding-darwin-arm64': [ '1.11.1' ],
452 silly audit   '@unrs/resolver-binding-darwin-x64': [ '1.11.1' ],
452 silly audit   '@unrs/resolver-binding-freebsd-x64': [ '1.11.1' ],
452 silly audit   '@unrs/resolver-binding-linux-arm-gnueabihf': [ '1.11.1' ],
452 silly audit   '@unrs/resolver-binding-linux-arm-musleabihf': [ '1.11.1' ],
452 silly audit   '@unrs/resolver-binding-linux-arm64-gnu': [ '1.11.1' ],
452 silly audit   '@unrs/resolver-binding-linux-arm64-musl': [ '1.11.1' ],
452 silly audit   '@unrs/resolver-binding-linux-ppc64-gnu': [ '1.11.1' ],
452 silly audit   '@unrs/resolver-binding-linux-riscv64-gnu': [ '1.11.1' ],
452 silly audit   '@unrs/resolver-binding-linux-riscv64-musl': [ '1.11.1' ],
452 silly audit   '@unrs/resolver-binding-linux-s390x-gnu': [ '1.11.1' ],
452 silly audit   '@unrs/resolver-binding-linux-x64-musl': [ '1.11.1' ],
452 silly audit   '@unrs/resolver-binding-wasm32-wasi': [ '1.11.1' ],
452 silly audit   '@unrs/resolver-binding-win32-arm64-msvc': [ '1.11.1' ],
452 silly audit   '@unrs/resolver-binding-win32-ia32-msvc': [ '1.11.1' ],
452 silly audit   '@unrs/resolver-binding-win32-x64-msvc': [ '1.11.1' ],
452 silly audit   '@napi-rs/wasm-runtime': [ '0.2.12' ],
452 silly audit   '@emnapi/core': [ '1.10.0' ],
452 silly audit   '@emnapi/runtime': [ '1.10.0' ],
452 silly audit   '@tybys/wasm-util': [ '0.10.1' ],
452 silly audit   '@emnapi/wasi-threads': [ '1.2.1' ],
452 silly audit   '@eslint/config-array': [ '0.21.2' ],
452 silly audit   '@eslint/config-helpers': [ '0.4.2' ],
452 silly audit   '@eslint/core': [ '0.17.0' ],
452 silly audit   '@eslint/plugin-kit': [ '0.4.1' ],
452 silly audit   '@humanfs/node': [ '0.16.8' ],
452 silly audit   '@humanwhocodes/retry': [ '0.4.3' ],
452 silly audit   '@eslint/object-schema': [ '2.1.7' ],
452 silly audit   '@humanfs/core': [ '0.19.2' ],
452 silly audit   '@humanfs/types': [ '0.15.0' ]
452 silly audit }
453 http cache @humanfs/types@https://registry.npmjs.org/@humanfs/types/-/types-0.15.0.tgz 0ms (cache hit)
454 http cache @humanfs/core@https://registry.npmjs.org/@humanfs/core/-/core-0.19.2.tgz 0ms (cache hit)
455 http cache @humanwhocodes/retry@https://registry.npmjs.org/@humanwhocodes/retry/-/retry-0.4.3.tgz 0ms (cache hit)
456 http cache @humanfs/node@https://registry.npmjs.org/@humanfs/node/-/node-0.16.8.tgz 0ms (cache hit)
457 http cache @eslint/object-schema@https://registry.npmjs.org/@eslint/object-schema/-/object-schema-2.1.7.tgz 0ms (cache hit)
458 http cache @eslint/plugin-kit@https://registry.npmjs.org/@eslint/plugin-kit/-/plugin-kit-0.4.1.tgz 0ms (cache hit)
459 http cache @eslint/config-helpers@https://registry.npmjs.org/@eslint/config-helpers/-/config-helpers-0.4.2.tgz 0ms (cache hit)
460 http cache @eslint/core@https://registry.npmjs.org/@eslint/core/-/core-0.17.0.tgz 0ms (cache hit)
461 http cache @eslint/config-array@https://registry.npmjs.org/@eslint/config-array/-/config-array-0.21.2.tgz 0ms (cache hit)
462 http cache @expo/config-types@https://registry.npmjs.org/@expo/config-types/-/config-types-54.0.10.tgz 0ms (cache hit)
463 http cache @expo/prebuild-config@https://registry.npmjs.org/@expo/prebuild-config/-/prebuild-config-54.0.8.tgz 0ms (cache hit)
464 http cache @react-native/normalize-colors@https://registry.npmjs.org/@react-native/normalize-colors/-/normalize-colors-0.81.5.tgz 0ms (cache hit)
465 http cache @react-native/normalize-colors@https://registry.npmjs.org/@react-native/normalize-colors/-/normalize-colors-0.81.5.tgz 0ms (cache hit)
466 http cache @expo/config-types@https://registry.npmjs.org/@expo/config-types/-/config-types-54.0.10.tgz 0ms (cache hit)
467 http cache @expo/prebuild-config@https://registry.npmjs.org/@expo/prebuild-config/-/prebuild-config-54.0.8.tgz 0ms (cache hit)
468 http cache p-limit@https://registry.npmjs.org/p-limit/-/p-limit-3.1.0.tgz 0ms (cache hit)
469 http cache p-locate@https://registry.npmjs.org/p-locate/-/p-locate-5.0.0.tgz 0ms (cache hit)
470 http cache locate-path@https://registry.npmjs.org/locate-path/-/locate-path-6.0.0.tgz 0ms (cache hit)
471 http cache flat-cache@https://registry.npmjs.org/flat-cache/-/flat-cache-4.0.1.tgz 0ms (cache hit)
472 http cache json-schema-traverse@https://registry.npmjs.org/json-schema-traverse/-/json-schema-traverse-0.4.1.tgz 0ms (cache hit)
473 http cache strip-json-comments@https://registry.npmjs.org/strip-json-comments/-/strip-json-comments-3.1.1.tgz 0ms (cache hit)
474 http cache globals@https://registry.npmjs.org/globals/-/globals-14.0.0.tgz 0ms (cache hit)
475 http cache file-entry-cache@https://registry.npmjs.org/file-entry-cache/-/file-entry-cache-8.0.0.tgz 0ms (cache hit)
476 http cache espree@https://registry.npmjs.org/espree/-/espree-10.4.0.tgz 0ms (cache hit)
477 http cache eslint-scope@https://registry.npmjs.org/eslint-scope/-/eslint-scope-8.4.0.tgz 0ms (cache hit)
478 http cache eslint-visitor-keys@https://registry.npmjs.org/eslint-visitor-keys/-/eslint-visitor-keys-4.2.1.tgz 0ms (cache hit)
479 http cache find-up@https://registry.npmjs.org/find-up/-/find-up-5.0.0.tgz 0ms (cache hit)
480 http cache ajv@https://registry.npmjs.org/ajv/-/ajv-6.15.0.tgz 0ms (cache hit)
481 http cache eslint@https://registry.npmjs.org/eslint/-/eslint-9.39.4.tgz 0ms (cache hit)
482 http cache @eslint/eslintrc@https://registry.npmjs.org/@eslint/eslintrc/-/eslintrc-3.3.5.tgz 0ms (cache hit)
483 silly tarball no local data for @humanfs/types@https://registry.npmjs.org/@humanfs/types/-/types-0.15.0.tgz. Extracting by manifest.
484 silly tarball no local data for @humanfs/core@https://registry.npmjs.org/@humanfs/core/-/core-0.19.2.tgz. Extracting by manifest.
485 silly tarball no local data for @humanwhocodes/retry@https://registry.npmjs.org/@humanwhocodes/retry/-/retry-0.4.3.tgz. Extracting by manifest.
486 silly tarball no local data for @humanfs/node@https://registry.npmjs.org/@humanfs/node/-/node-0.16.8.tgz. Extracting by manifest.
487 silly tarball no local data for @eslint/object-schema@https://registry.npmjs.org/@eslint/object-schema/-/object-schema-2.1.7.tgz. Extracting by manifest.
488 silly tarball no local data for @eslint/plugin-kit@https://registry.npmjs.org/@eslint/plugin-kit/-/plugin-kit-0.4.1.tgz. Extracting by manifest.
489 silly tarball no local data for @eslint/config-helpers@https://registry.npmjs.org/@eslint/config-helpers/-/config-helpers-0.4.2.tgz. Extracting by manifest.
490 silly tarball no local data for @eslint/core@https://registry.npmjs.org/@eslint/core/-/core-0.17.0.tgz. Extracting by manifest.
491 silly tarball no local data for @eslint/config-array@https://registry.npmjs.org/@eslint/config-array/-/config-array-0.21.2.tgz. Extracting by manifest.
492 silly tarball no local data for @expo/config-types@https://registry.npmjs.org/@expo/config-types/-/config-types-54.0.10.tgz. Extracting by manifest.
493 silly tarball no local data for @expo/prebuild-config@https://registry.npmjs.org/@expo/prebuild-config/-/prebuild-config-54.0.8.tgz. Extracting by manifest.
494 silly tarball no local data for @react-native/normalize-colors@https://registry.npmjs.org/@react-native/normalize-colors/-/normalize-colors-0.81.5.tgz. Extracting by manifest.
495 silly tarball no local data for @react-native/normalize-colors@https://registry.npmjs.org/@react-native/normalize-colors/-/normalize-colors-0.81.5.tgz. Extracting by manifest.
496 silly tarball no local data for @expo/config-types@https://registry.npmjs.org/@expo/config-types/-/config-types-54.0.10.tgz. Extracting by manifest.
497 silly tarball no local data for @expo/prebuild-config@https://registry.npmjs.org/@expo/prebuild-config/-/prebuild-config-54.0.8.tgz. Extracting by manifest.
498 silly tarball no local data for p-limit@https://registry.npmjs.org/p-limit/-/p-limit-3.1.0.tgz. Extracting by manifest.
499 silly tarball no local data for p-locate@https://registry.npmjs.org/p-locate/-/p-locate-5.0.0.tgz. Extracting by manifest.
500 silly tarball no local data for locate-path@https://registry.npmjs.org/locate-path/-/locate-path-6.0.0.tgz. Extracting by manifest.
501 silly tarball no local data for flat-cache@https://registry.npmjs.org/flat-cache/-/flat-cache-4.0.1.tgz. Extracting by manifest.
502 silly tarball no local data for json-schema-traverse@https://registry.npmjs.org/json-schema-traverse/-/json-schema-traverse-0.4.1.tgz. Extracting by manifest.
503 silly tarball no local data for strip-json-comments@https://registry.npmjs.org/strip-json-comments/-/strip-json-comments-3.1.1.tgz. Extracting by manifest.
504 silly tarball no local data for globals@https://registry.npmjs.org/globals/-/globals-14.0.0.tgz. Extracting by manifest.
505 silly tarball no local data for file-entry-cache@https://registry.npmjs.org/file-entry-cache/-/file-entry-cache-8.0.0.tgz. Extracting by manifest.
506 silly tarball no local data for espree@https://registry.npmjs.org/espree/-/espree-10.4.0.tgz. Extracting by manifest.
507 silly tarball no local data for eslint-scope@https://registry.npmjs.org/eslint-scope/-/eslint-scope-8.4.0.tgz. Extracting by manifest.
508 silly tarball no local data for eslint-visitor-keys@https://registry.npmjs.org/eslint-visitor-keys/-/eslint-visitor-keys-4.2.1.tgz. Extracting by manifest.
509 silly tarball no local data for find-up@https://registry.npmjs.org/find-up/-/find-up-5.0.0.tgz. Extracting by manifest.
510 silly tarball no local data for ajv@https://registry.npmjs.org/ajv/-/ajv-6.15.0.tgz. Extracting by manifest.
511 silly tarball no local data for eslint@https://registry.npmjs.org/eslint/-/eslint-9.39.4.tgz. Extracting by manifest.
512 silly tarball no local data for @eslint/eslintrc@https://registry.npmjs.org/@eslint/eslintrc/-/eslintrc-3.3.5.tgz. Extracting by manifest.
513 http fetch POST 200 https://registry.npmjs.org/-/npm/v1/security/advisories/bulk 133ms
514 silly audit report {
514 silly audit report   minimatch: [
514 silly audit report     {
514 silly audit report       id: 1113465,
514 silly audit report       url: 'https://github.com/advisories/GHSA-3ppc-4f35-3m26',
514 silly audit report       title: 'minimatch has a ReDoS via repeated wildcards with non-matching literal in pattern',
514 silly audit report       severity: 'high',
514 silly audit report       vulnerable_versions: '>=9.0.0 <9.0.6',
514 silly audit report       cwe: [Array],
514 silly audit report       cvss: [Object]
514 silly audit report     },
514 silly audit report     {
514 silly audit report       id: 1113544,
514 silly audit report       url: 'https://github.com/advisories/GHSA-7r86-cg39-jmmj',
514 silly audit report       title: 'minimatch has ReDoS: matchOne() combinatorial backtracking via multiple non-adjacent GLOBSTAR segments',
514 silly audit report       severity: 'high',
514 silly audit report       vulnerable_versions: '>=9.0.0 <9.0.7',
514 silly audit report       cwe: [Array],
514 silly audit report       cvss: [Object]
514 silly audit report     },
514 silly audit report     {
514 silly audit report       id: 1113552,
514 silly audit report       url: 'https://github.com/advisories/GHSA-23c5-xmqv-rm74',
514 silly audit report       title: 'minimatch ReDoS: nested *() extglobs generate catastrophically backtracking regular expressions',
514 silly audit report       severity: 'high',
514 silly audit report       vulnerable_versions: '>=9.0.0 <9.0.7',
514 silly audit report       cwe: [Array],
514 silly audit report       cvss: [Object]
514 silly audit report     }
514 silly audit report   ],
514 silly audit report   tmp: [
514 silly audit report     {
514 silly audit report       id: 1109537,
514 silly audit report       url: 'https://github.com/advisories/GHSA-52f5-9888-hmc6',
514 silly audit report       title: 'tmp allows arbitrary temporary file / directory write via symbolic link `dir` parameter',
514 silly audit report       severity: 'low',
514 silly audit report       vulnerable_versions: '<=0.2.3',
514 silly audit report       cwe: [Array],
514 silly audit report       cvss: [Object]
514 silly audit report     }
514 silly audit report   ],
514 silly audit report   '@xmldom/xmldom': [
514 silly audit report     {
514 silly audit report       id: 1116960,
514 silly audit report       url: 'https://github.com/advisories/GHSA-2v35-w6hq-6mfw',
514 silly audit report       title: 'xmldom: Uncontrolled recursion in XML serialization leads to DoS',
514 silly audit report       severity: 'high',
514 silly audit report       vulnerable_versions: '<0.8.13',
514 silly audit report       cwe: [Array],
514 silly audit report       cvss: [Object]
514 silly audit report     },
514 silly audit report     {
514 silly audit report       id: 1116963,
514 silly audit report       url: 'https://github.com/advisories/GHSA-f6ww-3ggp-fr8h',
514 silly audit report       title: 'xmldom has XML injection through unvalidated DocumentType serialization',
514 silly audit report       severity: 'high',
514 silly audit report       vulnerable_versions: '<0.8.13',
514 silly audit report       cwe: [Array],
514 silly audit report       cvss: [Object]
514 silly audit report     },
514 silly audit report     {
514 silly audit report       id: 1116966,
514 silly audit report       url: 'https://github.com/advisories/GHSA-x6wf-f3px-wcqx',
514 silly audit report       title: 'xmldom has XML node injection through unvalidated processing instruction serialization',
514 silly audit report       severity: 'high',
514 silly audit report       vulnerable_versions: '<0.8.13',
514 silly audit report       cwe: [Array],
514 silly audit report       cvss: [Object]
514 silly audit report     },
514 silly audit report     {
514 silly audit report       id: 1116969,
514 silly audit report       url: 'https://github.com/advisories/GHSA-j759-j44w-7fr8',
514 silly audit report       title: 'xmldom has XML node injection through unvalidated comment serialization',
514 silly audit report       severity: 'high',
514 silly audit report       vulnerable_versions: '<0.8.13',
514 silly audit report       cwe: [Array],
514 silly audit report       cvss: [Object]
514 silly audit report     },
514 silly audit report     {
514 silly audit report       id: 1117097,
514 silly audit report       url: 'https://github.com/advisories/GHSA-wh4c-j3r5-mjhp',
514 silly audit report       title: 'xmldom: XML injection via unsafe CDATA serialization allows attacker-controlled markup insertion',
514 silly audit report       severity: 'high',
514 silly audit report       vulnerable_versions: '<0.8.12',
514 silly audit report       cwe: [Array],
514 silly audit report       cvss: [Object]
514 silly audit report     }
514 silly audit report   ],
514 silly audit report   postcss: [
514 silly audit report     {
514 silly audit report       id: 1117015,
514 silly audit report       url: 'https://github.com/advisories/GHSA-qx2v-qp2m-jg93',
514 silly audit report       title: 'PostCSS has XSS via Unescaped </style> in its CSS Stringify Output',
514 silly audit report       severity: 'moderate',
514 silly audit report       vulnerable_versions: '<8.5.10',
514 silly audit report       cwe: [Array],
514 silly audit report       cvss: [Object]
514 silly audit report     }
514 silly audit report   ],
514 silly audit report   'serialize-javascript': [
514 silly audit report     {
514 silly audit report       id: 1113686,
514 silly audit report       url: 'https://github.com/advisories/GHSA-5c6j-r48x-rmvq',
514 silly audit report       title: 'Serialize JavaScript is Vulnerable to RCE via RegExp.flags and Date.prototype.toISOString()',
514 silly audit report       severity: 'high',
514 silly audit report       vulnerable_versions: '<=7.0.2',
514 silly audit report       cwe: [Array],
514 silly audit report       cvss: [Object]
514 silly audit report     },
514 silly audit report     {
514 silly audit report       id: 1115723,
514 silly audit report       url: 'https://github.com/advisories/GHSA-qj8w-gfj5-8c6v',
514 silly audit report       title: 'Serialize JavaScript has CPU Exhaustion Denial of Service via crafted array-like objects',
514 silly audit report       severity: 'moderate',
514 silly audit report       vulnerable_versions: '<7.0.5',
514 silly audit report       cwe: [Array],
514 silly audit report       cvss: [Object]
514 silly audit report     }
514 silly audit report   ],
514 silly audit report   uuid: [
514 silly audit report     {
514 silly audit report       id: 1116970,
514 silly audit report       url: 'https://github.com/advisories/GHSA-w5hq-g745-h8pq',
514 silly audit report       title: 'uuid: Missing buffer bounds check in v3/v5/v6 when buf is provided',
514 silly audit report       severity: 'moderate',
514 silly audit report       vulnerable_versions: '<14.0.0',
514 silly audit report       cwe: [Array],
514 silly audit report       cvss: [Object]
514 silly audit report     }
514 silly audit report   ]
514 silly audit report }
515 silly packumentCache corgi:https://registry.npmjs.org/minimatch cache-miss
516 silly packumentCache corgi:https://registry.npmjs.org/tmp cache-miss
517 silly packumentCache corgi:https://registry.npmjs.org/@xmldom%2fxmldom cache-miss
518 silly packumentCache corgi:https://registry.npmjs.org/postcss cache-miss
519 silly packumentCache corgi:https://registry.npmjs.org/serialize-javascript cache-miss
520 silly packumentCache corgi:https://registry.npmjs.org/uuid cache-miss
521 http fetch GET 200 https://registry.npmjs.org/@humanfs/types/-/types-0.15.0.tgz 176ms (cache miss)
522 http fetch GET 200 https://registry.npmjs.org/@eslint/config-helpers/-/config-helpers-0.4.2.tgz 196ms (cache miss)
523 http fetch GET 200 https://registry.npmjs.org/p-locate/-/p-locate-5.0.0.tgz 196ms (cache miss)
524 http fetch GET 200 https://registry.npmjs.org/p-limit/-/p-limit-3.1.0.tgz 200ms (cache miss)
525 http fetch GET 200 https://registry.npmjs.org/@humanfs/node/-/node-0.16.8.tgz 209ms (cache miss)
526 http fetch GET 200 https://registry.npmjs.org/locate-path/-/locate-path-6.0.0.tgz 204ms (cache miss)
527 http fetch GET 200 https://registry.npmjs.org/file-entry-cache/-/file-entry-cache-8.0.0.tgz 203ms (cache miss)
528 http fetch GET 200 https://registry.npmjs.org/@react-native/normalize-colors/-/normalize-colors-0.81.5.tgz 215ms (cache miss)
529 http fetch GET 200 https://registry.npmjs.org/strip-json-comments/-/strip-json-comments-3.1.1.tgz 215ms (cache miss)
530 http fetch GET 200 https://registry.npmjs.org/json-schema-traverse/-/json-schema-traverse-0.4.1.tgz 215ms (cache miss)
531 http fetch GET 200 https://registry.npmjs.org/find-up/-/find-up-5.0.0.tgz 213ms (cache miss)
532 http fetch GET 200 https://registry.npmjs.org/@react-native/normalize-colors/-/normalize-colors-0.81.5.tgz 221ms (cache miss)
533 http fetch GET 200 https://registry.npmjs.org/flat-cache/-/flat-cache-4.0.1.tgz 220ms (cache miss)
534 http fetch GET 200 https://registry.npmjs.org/@humanwhocodes/retry/-/retry-0.4.3.tgz 234ms (cache miss)
535 http fetch GET 200 https://registry.npmjs.org/@humanfs/core/-/core-0.19.2.tgz 235ms (cache miss)
536 http fetch GET 200 https://registry.npmjs.org/eslint-visitor-keys/-/eslint-visitor-keys-4.2.1.tgz 228ms (cache miss)
537 http fetch GET 200 https://registry.npmjs.org/uuid 121ms (cache miss)
538 silly packumentCache corgi:https://registry.npmjs.org/uuid set size:undefined disposed:false
539 http fetch GET 200 https://registry.npmjs.org/globals/-/globals-14.0.0.tgz 237ms (cache miss)
540 http fetch GET 200 https://registry.npmjs.org/tmp 128ms (cache miss)
541 silly packumentCache corgi:https://registry.npmjs.org/tmp set size:undefined disposed:false
542 http fetch GET 200 https://registry.npmjs.org/@expo/config-types/-/config-types-54.0.10.tgz 246ms (cache miss)
543 http fetch GET 200 https://registry.npmjs.org/@expo/config-types/-/config-types-54.0.10.tgz 247ms (cache miss)
544 http fetch GET 200 https://registry.npmjs.org/serialize-javascript 136ms (cache miss)
545 silly packumentCache corgi:https://registry.npmjs.org/serialize-javascript set size:undefined disposed:false
546 http fetch GET 200 https://registry.npmjs.org/@xmldom%2fxmldom 146ms (cache miss)
547 silly packumentCache corgi:https://registry.npmjs.org/@xmldom%2fxmldom set size:undefined disposed:false
548 http fetch GET 200 https://registry.npmjs.org/@eslint/object-schema/-/object-schema-2.1.7.tgz 270ms (cache miss)
549 http fetch GET 200 https://registry.npmjs.org/@eslint/plugin-kit/-/plugin-kit-0.4.1.tgz 270ms (cache miss)
550 http fetch GET 200 https://registry.npmjs.org/@eslint/core/-/core-0.17.0.tgz 276ms (cache miss)
551 http fetch GET 200 https://registry.npmjs.org/minimatch 162ms (cache miss)
552 silly packumentCache corgi:https://registry.npmjs.org/minimatch set size:undefined disposed:false
553 http fetch GET 200 https://registry.npmjs.org/espree/-/espree-10.4.0.tgz 289ms (cache miss)
554 http fetch GET 200 https://registry.npmjs.org/eslint-scope/-/eslint-scope-8.4.0.tgz 294ms (cache miss)
555 http fetch GET 200 https://registry.npmjs.org/postcss 185ms (cache miss)
556 silly packumentCache corgi:https://registry.npmjs.org/postcss set size:undefined disposed:false
557 silly packumentCache corgi:https://registry.npmjs.org/@typescript-eslint%2ftypescript-estree cache-miss
558 http fetch GET 200 https://registry.npmjs.org/@eslint/config-array/-/config-array-0.21.2.tgz 335ms (cache miss)
559 http fetch GET 200 https://registry.npmjs.org/@eslint/eslintrc/-/eslintrc-3.3.5.tgz 352ms (cache miss)
560 http fetch GET 200 https://registry.npmjs.org/ajv/-/ajv-6.15.0.tgz 499ms (cache miss)
561 http fetch GET 200 https://registry.npmjs.org/@typescript-eslint%2ftypescript-estree 287ms (cache miss)
562 silly packumentCache corgi:https://registry.npmjs.org/@typescript-eslint%2ftypescript-estree set size:undefined disposed:false
563 silly packumentCache corgi:https://registry.npmjs.org/external-editor cache-miss
564 http fetch GET 200 https://registry.npmjs.org/external-editor 24ms (cache miss)
565 silly packumentCache corgi:https://registry.npmjs.org/external-editor set size:undefined disposed:false
566 silly packumentCache corgi:https://registry.npmjs.org/@expo%2fplist cache-miss
567 http fetch GET 200 https://registry.npmjs.org/@expo%2fplist 44ms (cache miss)
568 silly packumentCache corgi:https://registry.npmjs.org/@expo%2fplist set size:undefined disposed:false
569 silly packumentCache corgi:https://registry.npmjs.org/@expo%2fmetro-config cache-miss
570 http fetch GET 200 https://registry.npmjs.org/@expo/prebuild-config/-/prebuild-config-54.0.8.tgz 858ms (cache miss)
571 http fetch GET 200 https://registry.npmjs.org/@expo/prebuild-config/-/prebuild-config-54.0.8.tgz 862ms (cache miss)
572 http fetch GET 200 https://registry.npmjs.org/@expo%2fmetro-config 66ms (cache miss)
573 silly packumentCache corgi:https://registry.npmjs.org/@expo%2fmetro-config set size:undefined disposed:false
574 silly packumentCache corgi:https://registry.npmjs.org/@rollup%2fplugin-terser cache-miss
575 http fetch GET 200 https://registry.npmjs.org/@rollup%2fplugin-terser 44ms (cache miss)
576 silly packumentCache corgi:https://registry.npmjs.org/@rollup%2fplugin-terser set size:undefined disposed:false
577 silly packumentCache corgi:https://registry.npmjs.org/@bacons%2fxcode cache-miss
578 silly packumentCache corgi:https://registry.npmjs.org/xcode cache-miss
579 silly packumentCache corgi:https://registry.npmjs.org/@expo%2fngrok cache-miss
580 http fetch GET 200 https://registry.npmjs.org/eslint/-/eslint-9.39.4.tgz 985ms (cache miss)
581 http fetch GET 200 https://registry.npmjs.org/@expo%2fngrok 134ms (cache miss)
582 silly packumentCache corgi:https://registry.npmjs.org/@expo%2fngrok set size:undefined disposed:false
583 http fetch GET 200 https://registry.npmjs.org/@bacons%2fxcode 140ms (cache miss)
584 silly packumentCache corgi:https://registry.npmjs.org/@bacons%2fxcode set size:undefined disposed:false
585 http fetch GET 200 https://registry.npmjs.org/xcode 418ms (cache miss)
586 silly packumentCache corgi:https://registry.npmjs.org/xcode set size:undefined disposed:false
587 silly packumentCache corgi:https://registry.npmjs.org/@typescript-eslint%2fparser cache-miss
588 silly packumentCache corgi:https://registry.npmjs.org/@typescript-eslint%2futils cache-miss
589 silly packumentCache corgi:https://registry.npmjs.org/@typescript-eslint%2ftype-utils cache-miss
590 http fetch GET 200 https://registry.npmjs.org/@typescript-eslint%2ftype-utils 260ms (cache miss)
591 silly packumentCache corgi:https://registry.npmjs.org/@typescript-eslint%2ftype-utils set size:undefined disposed:false
592 http fetch GET 200 https://registry.npmjs.org/@typescript-eslint%2futils 20627ms (cache miss)
593 silly packumentCache corgi:https://registry.npmjs.org/@typescript-eslint%2futils set size:undefined disposed:false
594 http fetch GET 200 https://registry.npmjs.org/@typescript-eslint%2fparser 23315ms (cache miss)
595 silly packumentCache corgi:https://registry.npmjs.org/@typescript-eslint%2fparser set size:undefined disposed:false
596 silly packumentCache corgi:https://registry.npmjs.org/inquirer cache-miss
597 http fetch GET 200 https://registry.npmjs.org/inquirer 39ms (cache miss)
598 silly packumentCache corgi:https://registry.npmjs.org/inquirer set size:undefined disposed:false
599 silly packumentCache corgi:https://registry.npmjs.org/expo cache-miss
600 silly packumentCache corgi:https://registry.npmjs.org/@expo%2fcli cache-miss
601 http fetch GET 200 https://registry.npmjs.org/@expo%2fcli 71ms (cache miss)
602 silly packumentCache corgi:https://registry.npmjs.org/@expo%2fcli set size:undefined disposed:false
603 http fetch GET 200 https://registry.npmjs.org/expo 165ms (cache miss)
604 silly packumentCache corgi:https://registry.npmjs.org/expo set size:undefined disposed:false
605 silly packumentCache corgi:https://registry.npmjs.org/workbox-build cache-miss
606 http fetch GET 200 https://registry.npmjs.org/workbox-build 35ms (cache miss)
607 silly packumentCache corgi:https://registry.npmjs.org/workbox-build set size:undefined disposed:false
608 silly packumentCache corgi:https://registry.npmjs.org/@bacons%2fapple-targets cache-miss
609 http fetch GET 200 https://registry.npmjs.org/@bacons%2fapple-targets 119ms (cache miss)
610 silly packumentCache corgi:https://registry.npmjs.org/@bacons%2fapple-targets set size:undefined disposed:false
611 silly packumentCache corgi:https://registry.npmjs.org/@expo%2fconfig-plugins cache-miss
612 http fetch GET 200 https://registry.npmjs.org/@expo%2fconfig-plugins 48ms (cache miss)
613 silly packumentCache corgi:https://registry.npmjs.org/@expo%2fconfig-plugins set size:undefined disposed:false
614 silly packumentCache corgi:https://registry.npmjs.org/@typescript-eslint%2feslint-plugin cache-miss
615 http fetch GET 200 https://registry.npmjs.org/@typescript-eslint%2feslint-plugin 264ms (cache miss)
616 silly packumentCache corgi:https://registry.npmjs.org/@typescript-eslint%2feslint-plugin set size:undefined disposed:false
617 silly packumentCache corgi:https://registry.npmjs.org/workbox-cli cache-miss
618 http fetch GET 200 https://registry.npmjs.org/workbox-cli 39ms (cache miss)
619 silly packumentCache corgi:https://registry.npmjs.org/workbox-cli set size:undefined disposed:false
620 silly packumentCache corgi:https://registry.npmjs.org/workbox-webpack-plugin cache-miss
621 http fetch GET 200 https://registry.npmjs.org/workbox-webpack-plugin 54ms (cache miss)
622 silly packumentCache corgi:https://registry.npmjs.org/workbox-webpack-plugin set size:undefined disposed:false
623 silly packumentCache corgi:https://registry.npmjs.org/@expo%2fconfig cache-miss
624 silly packumentCache corgi:https://registry.npmjs.org/@expo%2fprebuild-config cache-miss
625 http fetch GET 200 https://registry.npmjs.org/@expo%2fprebuild-config 155ms (cache miss)
626 silly packumentCache corgi:https://registry.npmjs.org/@expo%2fprebuild-config set size:undefined disposed:false
627 http fetch GET 200 https://registry.npmjs.org/@expo%2fconfig 181ms (cache miss)
628 silly packumentCache corgi:https://registry.npmjs.org/@expo%2fconfig set size:undefined disposed:false
629 silly packumentCache corgi:https://registry.npmjs.org/expo-splash-screen cache-miss
630 http fetch GET 200 https://registry.npmjs.org/expo-splash-screen 91ms (cache miss)
631 silly packumentCache corgi:https://registry.npmjs.org/expo-splash-screen set size:undefined disposed:false
632 silly packumentCache corgi:https://registry.npmjs.org/expo-constants cache-miss
633 http fetch GET 200 https://registry.npmjs.org/expo-constants 198ms (cache miss)
634 silly packumentCache corgi:https://registry.npmjs.org/expo-constants set size:undefined disposed:false
635 silly packumentCache corgi:https://registry.npmjs.org/expo-asset cache-miss
636 silly packumentCache corgi:https://registry.npmjs.org/expo-linking cache-miss
637 http fetch GET 200 https://registry.npmjs.org/expo-linking 100ms (cache miss)
638 silly packumentCache corgi:https://registry.npmjs.org/expo-linking set size:undefined disposed:false
639 http fetch GET 200 https://registry.npmjs.org/expo-asset 132ms (cache miss)
640 silly packumentCache corgi:https://registry.npmjs.org/expo-asset set size:undefined disposed:false
641 silly ADD node_modules/@humanfs/types
642 silly ADD node_modules/@humanfs/core
643 silly ADD node_modules/@eslint/object-schema
644 silly ADD node_modules/@humanwhocodes/retry
645 silly ADD node_modules/@humanfs/node
646 silly ADD node_modules/@eslint/plugin-kit
647 silly ADD node_modules/@eslint/core
648 silly ADD node_modules/@eslint/config-helpers
649 silly ADD node_modules/@eslint/config-array
650 silly REMOVE node_modules/@xtuc/long
651 silly REMOVE node_modules/@yarnpkg/lockfile
652 silly REMOVE node_modules/@webassemblyjs/wast-printer
653 silly REMOVE node_modules/@xtuc/ieee754
654 silly REMOVE node_modules/@webassemblyjs/wasm-parser
655 silly REMOVE node_modules/@webassemblyjs/wasm-opt
656 silly REMOVE node_modules/@webassemblyjs/wasm-edit
657 silly REMOVE node_modules/@webassemblyjs/wasm-gen
658 silly REMOVE node_modules/@webassemblyjs/helper-wasm-section
659 silly REMOVE node_modules/@webassemblyjs/utf8
660 silly REMOVE node_modules/@webassemblyjs/ieee754
661 silly REMOVE node_modules/@webassemblyjs/leb128
662 silly REMOVE node_modules/@webassemblyjs/helper-buffer
663 silly REMOVE node_modules/@webassemblyjs/helper-numbers
664 silly REMOVE node_modules/@webassemblyjs/helper-wasm-bytecode
665 silly REMOVE node_modules/@webassemblyjs/helper-api-error
666 silly REMOVE node_modules/@webassemblyjs/floating-point-hex-parser
667 silly REMOVE node_modules/@webassemblyjs/ast
668 silly REMOVE node_modules/@types/eslint-scope
669 silly REMOVE node_modules/@types/eslint
670 silly REMOVE node_modules/@expo/prebuild-config
671 silly REMOVE node_modules/@expo/prebuild-config/node_modules/@expo/plist
672 silly REMOVE node_modules/@expo/prebuild-config/node_modules/@expo/config-plugins
673 silly REMOVE node_modules/@expo/prebuild-config/node_modules/@react-native/normalize-colors
674 silly REMOVE node_modules/@expo/prebuild-config/node_modules/@expo/config
675 silly REMOVE node_modules/@expo/config-types
676 silly ADD node_modules/@expo/cli/node_modules/@react-native/normalize-colors
677 silly ADD node_modules/@expo/cli/node_modules/@expo/config-types
678 silly ADD node_modules/@expo/cli/node_modules/@expo/prebuild-config
679 silly REMOVE node_modules/@alloc/quick-lru
680 silly REMOVE node_modules/webpack
681 silly REMOVE node_modules/webpack/node_modules/webpack-sources
682 silly REMOVE node_modules/watchpack
683 silly REMOVE node_modules/tmp
684 silly REMOVE node_modules/terser-webpack-plugin
685 silly REMOVE node_modules/terser-webpack-plugin/node_modules/supports-color
686 silly REMOVE node_modules/terser-webpack-plugin/node_modules/jest-worker
687 silly REMOVE node_modules/tapable
688 silly REMOVE node_modules/tailwindcss
689 silly REMOVE node_modules/read-cache
690 silly REMOVE node_modules/react-native-reanimated
691 silly REMOVE node_modules/react-native-reanimated/node_modules/react-native-is-edge-to-edge
692 silly REMOVE node_modules/postcss-load-config
693 silly REMOVE node_modules/postcss-nested
694 silly REMOVE node_modules/postcss-selector-parser
695 silly REMOVE node_modules/postcss-import
696 silly REMOVE node_modules/postcss-js
697 silly REMOVE node_modules/postcss
698 silly REMOVE node_modules/pify
699 silly REMOVE node_modules/patch-package
700 silly REMOVE node_modules/patch-package/node_modules/slash
701 silly REMOVE node_modules/patch-package/node_modules/fs-extra
702 silly REMOVE node_modules/object-hash
703 silly REMOVE node_modules/neo-async
704 silly REMOVE node_modules/map-obj
705 silly REMOVE node_modules/loader-runner
706 silly REMOVE node_modules/lilconfig
707 silly REMOVE node_modules/klaw-sync
708 silly REMOVE node_modules/jsonify
709 silly REMOVE node_modules/json-stable-stringify
710 silly REMOVE node_modules/jiti
711 silly REMOVE node_modules/hermes-estree
712 silly REMOVE node_modules/glob-to-regexp
713 silly REMOVE node_modules/find-yarn-workspace-root
714 silly REMOVE node_modules/fdir/node_modules/picomatch
715 silly ADD node_modules/expo-splash-screen/node_modules/@react-native/normalize-colors
716 silly ADD node_modules/expo-splash-screen/node_modules/@expo/config-types
717 silly ADD node_modules/expo-splash-screen/node_modules/@expo/prebuild-config
718 silly REMOVE node_modules/events
719 silly REMOVE node_modules/eslint-scope
720 silly REMOVE node_modules/eslint-scope/node_modules/estraverse
721 silly ADD node_modules/eslint-plugin-expo/node_modules/p-limit
722 silly ADD node_modules/eslint-plugin-expo/node_modules/p-locate
723 silly ADD node_modules/eslint-plugin-expo/node_modules/locate-path
724 silly ADD node_modules/eslint-plugin-expo/node_modules/flat-cache
725 silly ADD node_modules/eslint-plugin-expo/node_modules/json-schema-traverse
726 silly ADD node_modules/eslint-plugin-expo/node_modules/strip-json-comments
727 silly ADD node_modules/eslint-plugin-expo/node_modules/globals
728 silly ADD node_modules/eslint-plugin-expo/node_modules/find-up
729 silly ADD node_modules/eslint-plugin-expo/node_modules/file-entry-cache
730 silly ADD node_modules/eslint-plugin-expo/node_modules/espree
731 silly ADD node_modules/eslint-plugin-expo/node_modules/eslint-visitor-keys
732 silly ADD node_modules/eslint-plugin-expo/node_modules/eslint-scope
733 silly ADD node_modules/eslint-plugin-expo/node_modules/ajv
734 silly ADD node_modules/eslint-plugin-expo/node_modules/@eslint/eslintrc
735 silly ADD node_modules/eslint-plugin-expo/node_modules/eslint
736 silly REMOVE node_modules/es-module-lexer
737 silly REMOVE node_modules/enhanced-resolve
738 silly REMOVE node_modules/dlv
739 silly REMOVE node_modules/didyoumean
740 silly REMOVE node_modules/cssesc
741 silly REMOVE node_modules/chrome-trace-event
742 silly REMOVE node_modules/camelcase-css
743 silly REMOVE node_modules/acorn-import-phases
744 verbose cwd /expo-project
745 verbose os Linux 4.4.0
746 verbose node v22.22.1
747 verbose npm  v11.11.0
748 verbose exit 0
749 info ok
